Height,Month,Windvane,Temperature, Humidity, Pressure, Wind Speed
20,9,322.9074074,23.10057407,60.61025926,966.1421667,9.340314815
40,9,322.9074074,23.10057407,60.61025926,966.1421667,9.927333333
60,9,322.9074074,23.10057407,60.61025926,966.1421667,10.50374074
78,9,322.9074074,23.10057407,60.61025926,966.1421667,10.95157407
80,9,322.9074074,23.10057407,60.61025926,966.1421667,11.00557407
20,9,325.3888889,23.10145139,57.37646528,966.5708403,9.597777778
40,9,325.3888889,23.10145139,57.37646528,966.5708403,10.11697222
60,9,325.3888889,23.10145139,57.37646528,966.5708403,10.63539583
78,9,325.3888889,23.10145139,57.37646528,966.5708403,11.01777083
80,9,325.3888889,23.10145139,57.37646528,966.5708403,11.07024306
20,9,304.0347222,23.39644444,49.54950694,966.6262639,8.478395833
40,9,304.0347222,23.39644444,49.54950694,966.6262639,8.988041667
60,9,304.0347222,23.39644444,49.54950694,966.6262639,9.435826389
78,9,304.0347222,23.39644444,49.54950694,966.6262639,9.787625
80,9,304.0347222,23.39644444,49.54950694,966.6262639,9.834465278
20,9,312.1875,23.13029861,53.86947917,965.8434931,7.7620625
40,9,312.1875,23.13029861,53.86947917,965.8434931,8.167833333
60,9,312.1875,23.13029861,53.86947917,965.8434931,8.482770833
78,9,312.1875,23.13029861,53.86947917,965.8434931,8.759958333
80,9,312.1875,23.13029861,53.86947917,965.8434931,8.789083333
20,10,264.90625,22.68867188,61.91632813,964.8855,5.82346875
40,10,264.90625,22.68867188,61.91632813,964.8855,6.086515625
60,10,264.90625,22.68867188,61.91632813,964.8855,6.2995
78,10,264.90625,22.68867188,61.91632813,964.8855,6.462734375
80,10,264.90625,22.68867188,61.91632813,964.8855,6.476859375
20,10,318.8875,25.1528625,50.9841625,967.8046375,8.536425
40,10,318.8875,25.1528625,50.9841625,967.8046375,9.067475
60,10,318.8875,25.1528625,50.9841625,967.8046375,9.5517375
78,10,318.8875,25.1528625,50.9841625,967.8046375,9.9348375
80,10,318.8875,25.1528625,50.9841625,967.8046375,9.9873
20,10,317.1666667,21.81209028,58.27928472,968.6028472,11.95361111
40,10,317.1666667,21.81209028,58.27928472,968.6028472,12.40076389
60,10,317.1666667,21.81209028,58.27928472,968.6028472,12.88004861
78,10,317.1666667,21.81209028,58.27928472,968.6028472,13.20015972
80,10,317.1666667,21.81209028,58.27928472,968.6028472,13.26473611
20,10,315.3055556,19.22403472,58.02495139,968.2350208,11.71277083
40,10,315.3055556,19.22403472,58.02495139,968.2350208,12.20225
60,10,315.3055556,19.22403472,58.02495139,968.2350208,12.71043056
78,10,315.3055556,19.22403472,58.02495139,968.2350208,13.04546528
80,10,315.3055556,19.22403472,58.02495139,968.2350208,13.11002778
20,10,313.1111111,18.61109722,56.11846528,969.2680278,11.22809722
40,10,313.1111111,18.61109722,56.11846528,969.2680278,11.7345625
60,10,313.1111111,18.61109722,56.11846528,969.2680278,12.254125
78,10,313.1111111,18.61109722,56.11846528,969.2680278,12.60759722
80,10,313.1111111,18.61109722,56.11846528,969.2680278,12.67301389
20,10,310.4861111,19.39185417,53.03193056,970.8762778,10.8094375
40,10,310.4861111,19.39185417,53.03193056,970.8762778,11.33139583
60,10,310.4861111,19.39185417,53.03193056,970.8762778,11.81494444
78,10,310.4861111,19.39185417,53.03193056,970.8762778,12.16611806
80,10,310.4861111,19.39185417,53.03193056,970.8762778,12.22128472
20,10,306.9930556,20.85083333,44.78786806,970.1240417,8.771027778
40,10,306.9930556,20.85083333,44.78786806,970.1240417,9.243076389
60,10,306.9930556,20.85083333,44.78786806,970.1240417,9.673652778
78,10,306.9930556,20.85083333,44.78786806,970.1240417,10.01084722
80,10,306.9930556,20.85083333,44.78786806,970.1240417,10.05365972
20,10,309.5347222,23.83889583,39.29388194,969.1302083,6.561604167
40,10,309.5347222,23.83889583,39.29388194,969.1302083,6.904666667
60,10,309.5347222,23.83889583,39.29388194,969.1302083,7.194222222
78,10,309.5347222,23.83889583,39.29388194,969.1302083,7.430381944
80,10,309.5347222,23.83889583,39.29388194,969.1302083,7.458347222
20,10,308.5833333,24.09072222,42.37959028,970.4170278,7.240944444
40,10,308.5833333,24.09072222,42.37959028,970.4170278,7.613201389
60,10,308.5833333,24.09072222,42.37959028,970.4170278,7.941034722
78,10,308.5833333,24.09072222,42.37959028,970.4170278,8.214458333
80,10,308.5833333,24.09072222,42.37959028,970.4170278,8.246854167
20,10,309.3125,23.527875,44.76756944,971.3865208,9.045111111
40,10,309.3125,23.527875,44.76756944,971.3865208,9.523111111
60,10,309.3125,23.527875,44.76756944,971.3865208,9.929979167
78,10,309.3125,23.527875,44.76756944,971.3865208,10.26682639
80,10,309.3125,23.527875,44.76756944,971.3865208,10.30925694
20,10,307.875,23.51341667,33.34554861,969.4536597,9.8359375
40,10,307.875,23.51341667,33.34554861,969.4536597,10.28284722
60,10,307.875,23.51341667,33.34554861,969.4536597,10.64236111
78,10,307.875,23.51341667,33.34554861,969.4536597,10.94704167
80,10,307.875,23.51341667,33.34554861,969.4536597,10.98733333
20,10,309.7708333,23.10738194,60.10863889,966.9029583,8.992555556
40,10,309.7708333,23.10738194,60.10863889,966.9029583,9.461145833
60,10,309.7708333,23.10738194,60.10863889,966.9029583,9.814590278
78,10,309.7708333,23.10738194,60.10863889,966.9029583,10.06316667
80,10,309.7708333,23.10738194,60.10863889,966.9029583,10.09586111
20,10,315.6527778,22.74620833,57.54516667,967.8628194,8.810548611
40,10,315.6527778,22.74620833,57.54516667,967.8628194,9.332868056
60,10,315.6527778,22.74620833,57.54516667,967.8628194,9.812298611
78,10,315.6527778,22.74620833,57.54516667,967.8628194,10.18825
80,10,315.6527778,22.74620833,57.54516667,967.8628194,10.24559722
20,10,312.6180556,23.48459722,38.7615625,969.5503403,7.92425
40,10,312.6180556,23.48459722,38.7615625,969.5503403,8.500194444
60,10,312.6180556,23.48459722,38.7615625,969.5503403,9.024694444
78,10,312.6180556,23.48459722,38.7615625,969.5503403,9.435805556
80,10,312.6180556,23.48459722,38.7615625,969.5503403,9.482645833
20,10,310.2847222,22.41231944,41.61241667,967.9329236,8.102375
40,10,310.2847222,22.41231944,41.61241667,967.9329236,8.516180556
60,10,310.2847222,22.41231944,41.61241667,967.9329236,8.8714375
78,10,310.2847222,22.41231944,41.61241667,967.9329236,9.161638889
80,10,310.2847222,22.41231944,41.61241667,967.9329236,9.199951389
20,10,288.1944444,24.76288889,35.12488889,966.5637292,5.627618056
40,10,288.1944444,24.76288889,35.12488889,966.5637292,5.725659722
60,10,288.1944444,24.76288889,35.12488889,966.5637292,5.833111111
78,10,288.1944444,24.76288889,35.12488889,966.5637292,5.907201389
80,10,288.1944444,24.76288889,35.12488889,966.5637292,5.913895833
20,10,190.0486111,25.48606944,36.65159028,968.4456181,5.541993056
40,10,190.0486111,25.48606944,36.65159028,968.4456181,5.814569444
60,10,190.0486111,25.48606944,36.65159028,968.4456181,6.080319444
78,10,190.0486111,25.48606944,36.65159028,968.4456181,6.263194444
80,10,190.0486111,25.48606944,36.65159028,968.4456181,6.295041667
20,10,314.5833333,20.80323611,61.04025694,972.2328333,9.436708333
40,10,314.5833333,20.80323611,61.04025694,972.2328333,9.9164375
60,10,314.5833333,20.80323611,61.04025694,972.2328333,10.357625
78,10,314.5833333,20.80323611,61.04025694,972.2328333,10.705625
80,10,314.5833333,20.80323611,61.04025694,972.2328333,10.76404861
20,10,307.1319444,20.34127083,56.44734028,971.799,9.456611111
40,10,307.1319444,20.34127083,56.44734028,971.799,9.919451389
60,10,307.1319444,20.34127083,56.44734028,971.799,10.34034722
78,10,307.1319444,20.34127083,56.44734028,971.799,10.65974306
80,10,307.1319444,20.34127083,56.44734028,971.799,10.70544444
20,10,306.9236111,22.62593056,44.01484028,969.3839583,6.823715278
40,10,306.9236111,22.62593056,44.01484028,969.3839583,7.160159722
60,10,306.9236111,22.62593056,44.01484028,969.3839583,7.437388889
78,10,306.9236111,22.62593056,44.01484028,969.3839583,7.683055556
80,10,306.9236111,22.62593056,44.01484028,969.3839583,7.711423611
20,10,305.0347222,23.16163194,44.11821528,968.8077639,6.8675625
40,10,305.0347222,23.16163194,44.11821528,968.8077639,7.195680556
60,10,305.0347222,23.16163194,44.11821528,968.8077639,7.473229167
78,10,305.0347222,23.16163194,44.11821528,968.8077639,7.721048611
80,10,305.0347222,23.16163194,44.11821528,968.8077639,7.747680556
20,10,305.6736111,22.28000694,47.23954167,969.0762639,7.218305556
40,10,305.6736111,22.28000694,47.23954167,969.0762639,7.5336875
60,10,305.6736111,22.28000694,47.23954167,969.0762639,7.790451389
78,10,305.6736111,22.28000694,47.23954167,969.0762639,7.9845625
80,10,305.6736111,22.28000694,47.23954167,969.0762639,8.012097222
20,10,302.8541667,21.42807639,51.02204167,968.6561597,7.562111111
40,10,302.8541667,21.42807639,51.02204167,968.6561597,7.960895833
60,10,302.8541667,21.42807639,51.02204167,968.6561597,8.293006944
78,10,302.8541667,21.42807639,51.02204167,968.6561597,8.569569444
80,10,302.8541667,21.42807639,51.02204167,968.6561597,8.600972222
20,10,305.7291667,22.13330556,37.28738889,968.2395764,8.356166667
40,10,305.7291667,22.13330556,37.28738889,968.2395764,8.846333333
60,10,305.7291667,22.13330556,37.28738889,968.2395764,9.277555556
78,10,305.7291667,22.13330556,37.28738889,968.2395764,9.622673611
80,10,305.7291667,22.13330556,37.28738889,968.2395764,9.661590278
20,10,306.4930556,20.01660417,49.21381944,968.4817014,9.719548611
40,10,306.4930556,20.01660417,49.21381944,968.4817014,10.21901389
60,10,306.4930556,20.01660417,49.21381944,968.4817014,10.68197222
78,10,306.4930556,20.01660417,49.21381944,968.4817014,11.02611806
80,10,306.4930556,20.01660417,49.21381944,968.4817014,11.07344444
20,10,311.4652778,19.87590278,59.23040972,968.5778403,9.574006944
40,10,311.4652778,19.87590278,59.23040972,968.5778403,10.16194444
60,10,311.4652778,19.87590278,59.23040972,968.5778403,10.69565972
78,10,311.4652778,19.87590278,59.23040972,968.5778403,11.10902083
80,10,311.4652778,19.87590278,59.23040972,968.5778403,11.1675625
20,10,309.7222222,19.72504861,56.25574306,968.3805208,8.362715278
40,10,309.7222222,19.72504861,56.25574306,968.3805208,8.895409722
60,10,309.7222222,19.72504861,56.25574306,968.3805208,9.3964375
78,10,309.7222222,19.72504861,56.25574306,968.3805208,9.801347222
80,10,309.7222222,19.72504861,56.25574306,968.3805208,9.857756944
20,10,310.2847222,19.49527778,65.09488194,967.00775,7.143284722
40,10,310.2847222,19.49527778,65.09488194,967.00775,7.489805556
60,10,310.2847222,19.49527778,65.09488194,967.00775,7.761819444
78,10,310.2847222,19.49527778,65.09488194,967.00775,7.987125
80,10,310.2847222,19.49527778,65.09488194,967.00775,8.025736111
20,10,300.0972222,20.49804861,60.66811806,967.2218056,5.421416667
40,10,300.0972222,20.49804861,60.66811806,967.2218056,5.560284722
60,10,300.0972222,20.49804861,60.66811806,967.2218056,5.648368056
78,10,300.0972222,20.49804861,60.66811806,967.2218056,5.716048611
80,10,300.0972222,20.49804861,60.66811806,967.2218056,5.736270833
20,10,310.4097222,20.90503472,65.81202083,968.5554653,6.382458333
40,10,310.4097222,20.90503472,65.81202083,968.5554653,6.666645833
60,10,310.4097222,20.90503472,65.81202083,968.5554653,6.924263889
78,10,310.4097222,20.90503472,65.81202083,968.5554653,7.139875
80,10,310.4097222,20.90503472,65.81202083,968.5554653,7.179645833
20,11,317.7361111,20.87446528,62.92045833,969.2629653,8.059173611
40,11,317.7361111,20.87446528,62.92045833,969.2629653,8.593652778
60,11,317.7361111,20.87446528,62.92045833,969.2629653,9.114861111
78,11,317.7361111,20.87446528,62.92045833,969.2629653,9.493479167
80,11,317.7361111,20.87446528,62.92045833,969.2629653,9.554131944
20,11,312.9444444,20.14128472,61.40308333,969.5171806,7.380256944
40,11,312.9444444,20.14128472,61.40308333,969.5171806,7.890444444
60,11,312.9444444,20.14128472,61.40308333,969.5171806,8.363784722
78,11,312.9444444,20.14128472,61.40308333,969.5171806,8.725833333
80,11,312.9444444,20.14128472,61.40308333,969.5171806,8.779576389
20,11,311.9375,20.78985417,56.70929861,969.9521458,6.557881944
40,11,311.9375,20.78985417,56.70929861,969.9521458,6.955847222
60,11,311.9375,20.78985417,56.70929861,969.9521458,7.278006944
78,11,311.9375,20.78985417,56.70929861,969.9521458,7.531138889
80,11,311.9375,20.78985417,56.70929861,969.9521458,7.569090278
20,11,217.0625,22.88694444,47.52263889,969.9241944,4.548118056
40,11,217.0625,22.88694444,47.52263889,969.9241944,4.685034722
60,11,217.0625,22.88694444,47.52263889,969.9241944,4.810583333
78,11,217.0625,22.88694444,47.52263889,969.9241944,4.943916667
80,11,217.0625,22.88694444,47.52263889,969.9241944,4.964090278
20,11,299.3055556,22.45634028,49.81916667,970.1413472,5.834006944
40,11,299.3055556,22.45634028,49.81916667,970.1413472,5.926118056
60,11,299.3055556,22.45634028,49.81916667,970.1413472,5.956944444
78,11,299.3055556,22.45634028,49.81916667,970.1413472,6.002506944
80,11,299.3055556,22.45634028,49.81916667,970.1413472,6.014173611
20,11,215.5069444,22.82172917,39.71613889,968.7370556,4.5305625
40,11,215.5069444,22.82172917,39.71613889,968.7370556,4.552534722
60,11,215.5069444,22.82172917,39.71613889,968.7370556,4.531388889
78,11,215.5069444,22.82172917,39.71613889,968.7370556,4.492375
80,11,215.5069444,22.82172917,39.71613889,968.7370556,4.503506944
20,11,165.9375,24.66466667,29.45709028,965.5495347,4.922319444
40,11,165.9375,24.66466667,29.45709028,965.5495347,5.055569444
60,11,165.9375,24.66466667,29.45709028,965.5495347,5.1345625
78,11,165.9375,24.66466667,29.45709028,965.5495347,5.165138889
80,11,165.9375,24.66466667,29.45709028,965.5495347,5.171722222
20,11,271.4027778,21.37723611,50.71090972,965.232125,6.490055556
40,11,271.4027778,21.37723611,50.71090972,965.232125,6.758111111
60,11,271.4027778,21.37723611,50.71090972,965.232125,6.979416667
78,11,271.4027778,21.37723611,50.71090972,965.232125,7.169993056
80,11,271.4027778,21.37723611,50.71090972,965.232125,7.202965278
20,11,311.2708333,19.51306944,67.92877083,966.7259514,8.767451389
40,11,311.2708333,19.51306944,67.92877083,966.7259514,9.2368125
60,11,311.2708333,19.51306944,67.92877083,966.7259514,9.634590278
78,11,311.2708333,19.51306944,67.92877083,966.7259514,9.959055556
80,11,311.2708333,19.51306944,67.92877083,966.7259514,10.0084375
20,11,312.048951,19.83540559,70.31251049,967.542035,7.769608392
40,11,312.048951,19.83540559,70.31251049,967.542035,8.224839161
60,11,312.048951,19.83540559,70.31251049,967.542035,8.639783217
78,11,312.048951,19.83540559,70.31251049,967.542035,8.990195804
80,11,312.048951,19.83540559,70.31251049,967.542035,9.041643357
20,11,263.0277778,20.99494444,62.87636806,968.2635208,5.466631944
40,11,263.0277778,20.99494444,62.87636806,968.2635208,5.624409722
60,11,263.0277778,20.99494444,62.87636806,968.2635208,5.746
78,11,263.0277778,20.99494444,62.87636806,968.2635208,5.874215278
80,11,263.0277778,20.99494444,62.87636806,968.2635208,5.895694444
20,11,295.5763889,21.61207639,57.79775694,968.5518819,6.2375625
40,11,295.5763889,21.61207639,57.79775694,968.5518819,6.564583333
60,11,295.5763889,21.61207639,57.79775694,968.5518819,6.888076389
78,11,295.5763889,21.61207639,57.79775694,968.5518819,7.189833333
80,11,295.5763889,21.61207639,57.79775694,968.5518819,7.237409722
20,11,311.7361111,21.58998611,50.15477778,968.5076944,7.217944444
40,11,311.7361111,21.58998611,50.15477778,968.5076944,7.744729167
60,11,311.7361111,21.58998611,50.15477778,968.5076944,8.279416667
78,11,311.7361111,21.58998611,50.15477778,968.5076944,8.733916667
80,11,311.7361111,21.58998611,50.15477778,968.5076944,8.791486111
20,11,266.1388889,20.64649306,50.44888194,968.0757708,5.286548611
40,11,266.1388889,20.64649306,50.44888194,968.0757708,5.512673611
60,11,266.1388889,20.64649306,50.44888194,968.0757708,5.691479167
78,11,266.1388889,20.64649306,50.44888194,968.0757708,5.837159722
80,11,266.1388889,20.64649306,50.44888194,968.0757708,5.856333333
20,11,303.8611111,20.27600694,52.08673611,968.2452222,6.0795625
40,11,303.8611111,20.27600694,52.08673611,968.2452222,6.326770833
60,11,303.8611111,20.27600694,52.08673611,968.2452222,6.533416667
78,11,303.8611111,20.27600694,52.08673611,968.2452222,6.718833333
80,11,303.8611111,20.27600694,52.08673611,968.2452222,6.741208333
20,11,308.8125,19.59947222,50.68373611,968.9364097,8.757770833
40,11,308.8125,19.59947222,50.68373611,968.9364097,9.319465278
60,11,308.8125,19.59947222,50.68373611,968.9364097,9.795638889
78,11,308.8125,19.59947222,50.68373611,968.9364097,10.18609722
80,11,308.8125,19.59947222,50.68373611,968.9364097,10.23723611
20,11,317.1180556,17.84148611,69.54024306,967.0194236,9.6646875
40,11,317.1180556,17.84148611,69.54024306,967.0194236,10.25714583
60,11,317.1180556,17.84148611,69.54024306,967.0194236,10.74438889
78,11,317.1180556,17.84148611,69.54024306,967.0194236,11.10046528
80,11,317.1180556,17.84148611,69.54024306,967.0194236,11.15811806
20,11,314.8611111,17.35816667,71.51372222,967.2692083,8.316229167
40,11,314.8611111,17.35816667,71.51372222,967.2692083,8.783402778
60,11,314.8611111,17.35816667,71.51372222,967.2692083,9.134715278
78,11,314.8611111,17.35816667,71.51372222,967.2692083,9.398715278
80,11,314.8611111,17.35816667,71.51372222,967.2692083,9.444493056
20,11,311.3125,17.78709028,61.98034028,969.3423125,7.231631944
40,11,311.3125,17.78709028,61.98034028,969.3423125,7.715131944
60,11,311.3125,17.78709028,61.98034028,969.3423125,8.157951389
78,11,311.3125,17.78709028,61.98034028,969.3423125,8.526055556
80,11,311.3125,17.78709028,61.98034028,969.3423125,8.579847222
20,11,316.1111111,18.28892361,60.28492361,971.1011181,8.591083333
40,11,316.1111111,18.28892361,60.28492361,971.1011181,9.220611111
60,11,316.1111111,18.28892361,60.28492361,971.1011181,9.761458333
78,11,316.1111111,18.28892361,60.28492361,971.1011181,10.15579167
80,11,316.1111111,18.28892361,60.28492361,971.1011181,10.21699306
20,11,305.1666667,19.26304167,47.24122917,970.2278542,6.000645833
40,11,305.1666667,19.26304167,47.24122917,970.2278542,6.255402778
60,11,305.1666667,19.26304167,47.24122917,970.2278542,6.485229167
78,11,305.1666667,19.26304167,47.24122917,970.2278542,6.737402778
80,11,305.1666667,19.26304167,47.24122917,970.2278542,6.779395833
20,11,151.625,21.66122917,46.09252778,968.6327431,4.719381944
40,11,151.625,21.66122917,46.09252778,968.6327431,4.829131944
60,11,151.625,21.66122917,46.09252778,968.6327431,4.960909722
78,11,151.625,21.66122917,46.09252778,968.6327431,5.047840278
80,11,151.625,21.66122917,46.09252778,968.6327431,4.981944444
20,11,173.9925926,22.45585185,42.5854,969.1860593,4.011525926
40,11,173.9925926,22.45585185,42.5854,969.1860593,4.098022222
60,11,173.9925926,22.45585185,42.5854,969.1860593,4.214614815
78,11,173.9925926,22.45585185,42.5854,969.1860593,4.313340741
80,11,173.9925926,22.45585185,42.5854,969.1860593,4.326303704
20,11,239.7291667,20.69898611,53.36340972,969.2803333,3.196979167
40,11,239.7291667,20.69898611,53.36340972,969.2803333,3.199333333
60,11,239.7291667,20.69898611,53.36340972,969.2803333,3.202388889
78,11,239.7291667,20.69898611,53.36340972,969.2803333,3.226972222
80,11,239.7291667,20.69898611,53.36340972,969.2803333,3.240229167
20,11,159.9444444,23.64485417,46.540125,968.4451389,3.833013889
40,11,159.9444444,23.64485417,46.540125,968.4451389,4.007611111
60,11,159.9444444,23.64485417,46.540125,968.4451389,4.068069444
78,11,159.9444444,23.64485417,46.540125,968.4451389,4.075493056
80,11,159.9444444,23.64485417,46.540125,968.4451389,4.040104167
20,11,141.7777778,26.94151389,30.06828472,968.6083958,5.165923611
40,11,141.7777778,26.94151389,30.06828472,968.6083958,5.477409722
60,11,141.7777778,26.94151389,30.06828472,968.6083958,5.708180556
78,11,141.7777778,26.94151389,30.06828472,968.6083958,5.827263889
80,11,141.7777778,26.94151389,30.06828472,968.6083958,5.763611111
20,11,158.3611111,27.71386806,24.88195833,970.6916944,4.9954375
40,11,158.3611111,27.71386806,24.88195833,970.6916944,5.114097222
60,11,158.3611111,27.71386806,24.88195833,970.6916944,5.145423611
78,11,158.3611111,27.71386806,24.88195833,970.6916944,5.132465278
80,11,158.3611111,27.71386806,24.88195833,970.6916944,5.058784722
20,11,305.6597222,20.69222917,66.28418056,971.7216736,6.394284722
40,11,305.6597222,20.69222917,66.28418056,971.7216736,6.701569444
60,11,305.6597222,20.69222917,66.28418056,971.7216736,6.954805556
78,11,305.6597222,20.69222917,66.28418056,971.7216736,7.154402778
80,11,305.6597222,20.69222917,66.28418056,971.7216736,7.181395833
20,11,304.5138889,17.45406944,69.90391667,970.5248056,9.106368056
40,11,304.5138889,17.45406944,69.90391667,970.5248056,9.546895833
60,11,304.5138889,17.45406944,69.90391667,970.5248056,9.935777778
78,11,304.5138889,17.45406944,69.90391667,970.5248056,10.21953472
80,11,304.5138889,17.45406944,69.90391667,970.5248056,10.25224306
20,11,281.9166667,17.6335625,59.59575694,970.5395694,5.319673611
40,11,281.9166667,17.6335625,59.59575694,970.5395694,5.529673611
60,11,281.9166667,17.6335625,59.59575694,970.5395694,5.690701389
78,11,281.9166667,17.6335625,59.59575694,970.5395694,5.831104167
80,11,281.9166667,17.6335625,59.59575694,970.5395694,5.857666667
20,12,118.3819444,23.98134028,43.09840278,971.0380625,5.948375
40,12,118.3819444,23.98134028,43.09840278,971.0380625,6.27775
60,12,118.3819444,23.98134028,43.09840278,971.0380625,6.472895833
78,12,118.3819444,23.98134028,43.09840278,971.0380625,6.652277778
80,12,118.3819444,23.98134028,43.09840278,971.0380625,6.407847222
20,12,138.3125,25.37244444,40.08904861,971.5619444,3.888270833
40,12,138.3125,25.37244444,40.08904861,971.5619444,4.346326389
60,12,138.3125,25.37244444,40.08904861,971.5619444,4.666166667
78,12,138.3125,25.37244444,40.08904861,971.5619444,4.734180556
80,12,138.3125,25.37244444,40.08904861,971.5619444,4.587701389
20,12,168.7708333,25.63863889,34.4746875,968.3509722,4.782819444
40,12,168.7708333,25.63863889,34.4746875,968.3509722,4.974354167
60,12,168.7708333,25.63863889,34.4746875,968.3509722,5.265041667
78,12,168.7708333,25.63863889,34.4746875,968.3509722,5.529263889
80,12,168.7708333,25.63863889,34.4746875,968.3509722,5.5506875
20,12,311.5902778,18.41610417,76.71438889,968.2498125,6.748736111
40,12,311.5902778,18.41610417,76.71438889,968.2498125,7.046819444
60,12,311.5902778,18.41610417,76.71438889,968.2498125,7.232881944
78,12,311.5902778,18.41610417,76.71438889,968.2498125,7.360173611
80,12,311.5902778,18.41610417,76.71438889,968.2498125,7.393479167
20,12,243.7708333,16.93771528,52.44441667,969.8489097,5.540840278
40,12,243.7708333,16.93771528,52.44441667,969.8489097,5.682583333
60,12,243.7708333,16.93771528,52.44441667,969.8489097,5.787201389
78,12,243.7708333,16.93771528,52.44441667,969.8489097,5.848354167
80,12,243.7708333,16.93771528,52.44441667,969.8489097,5.878340278
20,12,271.4652778,16.28174306,50.05559028,971.9306944,4.354923611
40,12,271.4652778,16.28174306,50.05559028,971.9306944,4.372715278
60,12,271.4652778,16.28174306,50.05559028,971.9306944,4.386729167
78,12,271.4652778,16.28174306,50.05559028,971.9306944,4.398569444
80,12,271.4652778,16.28174306,50.05559028,971.9306944,4.412701389
20,12,291.0972222,17.0826875,47.92534028,973.0059375,4.42825
40,12,291.0972222,17.0826875,47.92534028,973.0059375,4.581548611
60,12,291.0972222,17.0826875,47.92534028,973.0059375,4.7205
78,12,291.0972222,17.0826875,47.92534028,973.0059375,4.823541667
80,12,291.0972222,17.0826875,47.92534028,973.0059375,4.847090278
20,12,309.9791667,16.15275694,63.5469375,974.3477222,6.996923611
40,12,309.9791667,16.15275694,63.5469375,974.3477222,7.431208333
60,12,309.9791667,16.15275694,63.5469375,974.3477222,7.796576389
78,12,309.9791667,16.15275694,63.5469375,974.3477222,8.0724375
80,12,309.9791667,16.15275694,63.5469375,974.3477222,8.119819444
20,12,317.44,13.00796,84.96584,975.1836,9.10092
40,12,317.44,13.00796,84.96584,975.1836,9.49376
60,12,317.44,13.00796,84.96584,975.1836,10.0134
78,12,317.44,13.00796,84.96584,975.1836,10.3364
80,12,317.44,13.00796,84.96584,975.1836,10.40092
20,12,278,8.696,46.875,969.928,10.341
20,12,311.6699029,17.10850485,41.7362233,972.0197476,5.29176699
40,12,311.6699029,17.10850485,41.7362233,972.0197476,5.425902913
60,12,311.6699029,17.10850485,41.7362233,972.0197476,5.551708738
78,12,311.6699029,17.10850485,41.7362233,972.0197476,5.651009709
80,12,311.6699029,17.10850485,41.7362233,972.0197476,5.671291262
20,12,200.6597222,17.43792361,45.14903472,970.9200139,3.2638125
40,12,200.6597222,17.43792361,45.14903472,970.9200139,3.322076389
60,12,200.6597222,17.43792361,45.14903472,970.9200139,3.420826389
78,12,200.6597222,17.43792361,45.14903472,970.9200139,3.489236111
80,12,200.6597222,17.43792361,45.14903472,970.9200139,3.500555556
20,12,219.4375,18.87984722,29.55289583,969.3830417,7.056958333
40,12,219.4375,18.87984722,29.55289583,969.3830417,7.186402778
60,12,219.4375,18.87984722,29.55289583,969.3830417,7.221125
78,12,219.4375,18.87984722,29.55289583,969.3830417,7.2231875
80,12,219.4375,18.87984722,29.55289583,969.3830417,7.274076389
20,12,256.2152778,13.88513889,36.05397222,970.2140625,7.166708333
40,12,256.2152778,13.88513889,36.05397222,970.2140625,7.411576389
60,12,256.2152778,13.88513889,36.05397222,970.2140625,7.544118056
78,12,256.2152778,13.88513889,36.05397222,970.2140625,7.606090278
80,12,256.2152778,13.88513889,36.05397222,970.2140625,7.61075
20,12,247.8680556,14.5905,54.30604167,970.0472778,8.483208333
40,12,247.8680556,14.5905,54.30604167,970.0472778,8.908159722
60,12,247.8680556,14.5905,54.30604167,970.0472778,9.1766875
78,12,247.8680556,14.5905,54.30604167,970.0472778,9.316479167
80,12,247.8680556,14.5905,54.30604167,970.0472778,9.334854167
20,12,281.5833333,14.06055556,63.06372917,972.0105278,5.207777778
40,12,281.5833333,14.06055556,63.06372917,972.0105278,5.319958333
60,12,281.5833333,14.06055556,63.06372917,972.0105278,5.392173611
78,12,281.5833333,14.06055556,63.06372917,972.0105278,5.4080625
80,12,281.5833333,14.06055556,63.06372917,972.0105278,5.416416667
20,1,303.4583333,13.78515972,71.06781944,973.384375,5.393763889
40,1,303.4583333,13.78515972,71.06781944,973.384375,5.623375
60,1,303.4583333,13.78515972,71.06781944,973.384375,5.762638889
78,1,303.4583333,13.78515972,71.06781944,973.384375,5.836854167
80,1,303.4583333,13.78515972,71.06781944,973.384375,5.845041667
20,1,302.9166667,13.33501389,64.78375694,973.3899514,6.809368056
40,1,302.9166667,13.33501389,64.78375694,973.3899514,7.151333333
60,1,302.9166667,13.33501389,64.78375694,973.3899514,7.408944444
78,1,302.9166667,13.33501389,64.78375694,973.3899514,7.593888889
80,1,302.9166667,13.33501389,64.78375694,973.3899514,7.616819444
20,1,305.4930556,13.55784028,63.23582639,972.4144375,6.896701389
40,1,305.4930556,13.55784028,63.23582639,972.4144375,7.269111111
60,1,305.4930556,13.55784028,63.23582639,972.4144375,7.638715278
78,1,305.4930556,13.55784028,63.23582639,972.4144375,7.966986111
80,1,305.4930556,13.55784028,63.23582639,972.4144375,8.010298611
20,1,309.7847222,13.36884722,71.47301389,970.4205417,10.12011806
40,1,309.7847222,13.36884722,71.47301389,970.4205417,10.65869444
60,1,309.7847222,13.36884722,71.47301389,970.4205417,11.19333333
78,1,309.7847222,13.36884722,71.47301389,970.4205417,11.59547222
80,1,309.7847222,13.36884722,71.47301389,970.4205417,11.64679167
20,1,320.625,13.19590972,74.32385417,971.2119583,9.538444444
40,1,320.625,13.19590972,74.32385417,971.2119583,10.18467361
60,1,320.625,13.19590972,74.32385417,971.2119583,10.76930556
78,1,320.625,13.19590972,74.32385417,971.2119583,11.21013889
80,1,320.625,13.19590972,74.32385417,971.2119583,11.28538889
20,1,311.7291667,13.54010417,59.31933333,972.9301458,6.622486111
40,1,311.7291667,13.54010417,59.31933333,972.9301458,7.070076389
60,1,311.7291667,13.54010417,59.31933333,972.9301458,7.518680556
78,1,311.7291667,13.54010417,59.31933333,972.9301458,7.8746875
80,1,311.7291667,13.54010417,59.31933333,972.9301458,7.923909722
20,1,166.1388889,15.34320139,48.61283333,971.0685139,4.447638889
40,1,166.1388889,15.34320139,48.61283333,971.0685139,4.701895833
60,1,166.1388889,15.34320139,48.61283333,971.0685139,4.887263889
78,1,166.1388889,15.34320139,48.61283333,971.0685139,4.993833333
80,1,166.1388889,15.34320139,48.61283333,971.0685139,4.971090278
20,1,160.2638889,15.98065278,46.05357639,968.7502986,4.811388889
40,1,160.2638889,15.98065278,46.05357639,968.7502986,4.982652778
60,1,160.2638889,15.98065278,46.05357639,968.7502986,5.187902778
78,1,160.2638889,15.98065278,46.05357639,968.7502986,5.322611111
80,1,160.2638889,15.98065278,46.05357639,968.7502986,5.353541667
20,1,259.9791667,13.52065278,51.09576389,969.3819375,4.928041667
40,1,259.9791667,13.52065278,51.09576389,969.3819375,5.100680556
60,1,259.9791667,13.52065278,51.09576389,969.3819375,5.223631944
78,1,259.9791667,13.52065278,51.09576389,969.3819375,5.261590278
80,1,259.9791667,13.52065278,51.09576389,969.3819375,5.2799375
20,1,284.3958333,12.3575625,61.42168056,973.6554583,5.973298611
40,1,284.3958333,12.3575625,61.42168056,973.6554583,6.002284722
60,1,284.3958333,12.3575625,61.42168056,973.6554583,5.983541667
78,1,284.3958333,12.3575625,61.42168056,973.6554583,5.941368056
80,1,284.3958333,12.3575625,61.42168056,973.6554583,5.941930556
20,1,315.4236111,13.65099306,62.57036111,977.9325139,6.535333333
40,1,315.4236111,13.65099306,62.57036111,977.9325139,6.945986111
60,1,315.4236111,13.65099306,62.57036111,977.9325139,7.269680556
78,1,315.4236111,13.65099306,62.57036111,977.9325139,7.415951389
80,1,315.4236111,13.65099306,62.57036111,977.9325139,7.445993056
20,1,310.4583333,14.22170833,59.01419444,977.6969931,6.149569444
40,1,310.4583333,14.22170833,59.01419444,977.6969931,6.518194444
60,1,310.4583333,14.22170833,59.01419444,977.6969931,6.779951389
78,1,310.4583333,14.22170833,59.01419444,977.6969931,6.849701389
80,1,310.4583333,14.22170833,59.01419444,977.6969931,6.864826389
20,1,300.5902778,14.98456944,54.35266667,973.6762847,4.868513889
40,1,300.5902778,14.98456944,54.35266667,973.6762847,4.926479167
60,1,300.5902778,14.98456944,54.35266667,973.6762847,4.992819444
78,1,300.5902778,14.98456944,54.35266667,973.6762847,5.060145833
80,1,300.5902778,14.98456944,54.35266667,973.6762847,5.070319444
20,1,225.5,16.67288028,49.63361972,970.5048873,4.010316901
40,1,225.5,16.67288028,49.63361972,970.5048873,4.100767606
60,1,225.5,16.67288028,49.63361972,970.5048873,4.161429577
78,1,225.5,16.67288028,49.63361972,970.5048873,4.198683099
80,1,225.5,16.67288028,49.63361972,970.5048873,4.211401408
20,1,303.7708333,15.68145833,50.88463194,972.5278333,5.419930556
40,1,303.7708333,15.68145833,50.88463194,972.5278333,5.433909722
60,1,303.7708333,15.68145833,50.88463194,972.5278333,5.482381944
78,1,303.7708333,15.68145833,50.88463194,972.5278333,5.525333333
80,1,303.7708333,15.68145833,50.88463194,972.5278333,5.5329375
20,1,166.6260163,19.02160163,30.24469919,970.7500407,4.364682927
40,1,167.0163934,19.1062377,30.28048361,970.7441721,4.260696721
60,1,167.0163934,19.1062377,30.28048361,970.7441721,4.200967213
78,1,167.0163934,19.1062377,30.28048361,970.7441721,4.126860656
80,1,167.0163934,19.1062377,30.28048361,970.7441721,4.143188525
20,1,311.9166667,15.83495833,55.97175,973.830875,9.546458333
40,1,311.9166667,15.83495833,55.97175,973.830875,10.24352083
60,1,311.9166667,15.83495833,55.97175,973.830875,10.88622917
78,1,311.9166667,15.83495833,55.97175,973.830875,11.36339583
80,1,311.9166667,15.83495833,55.97175,973.830875,11.42229167
20,1,290.1111111,13.95440741,62.79396296,976.2672963,7.821814815
40,1,290.1111111,13.95440741,62.79396296,976.2672963,8.391851852
60,1,290.1111111,13.95440741,62.79396296,976.2672963,8.830555556
78,1,290.1111111,13.95440741,62.79396296,976.2672963,9.189555556
80,1,290.1111111,13.95440741,62.79396296,976.2672963,9.207148148
20,1,109.2,18.7306,32.5684,975.2742,1.61
40,1,109.2,18.7306,32.5684,975.2742,1.6096
60,1,109.2,18.7306,32.5684,975.2742,1.547
78,1,109.2,18.7306,32.5684,975.2742,1.53
80,1,109.2,18.7306,32.5684,975.2742,1.5236
20,1,284.7333333,18.35871111,28.89811111,973.5850444,5.030688889
40,1,284.7333333,18.35871111,28.89811111,973.5850444,4.932844444
60,1,284.7333333,18.35871111,28.89811111,973.5850444,4.834733333
78,1,284.7333333,18.35871111,28.89811111,973.5850444,4.727622222
80,1,284.7333333,18.35871111,28.89811111,973.5850444,4.718088889
20,1,230.7460317,18.04925397,25.48557143,973.0678889,3.974539683
40,1,230.7460317,18.04925397,25.48557143,973.0678889,3.89668254
60,1,230.7460317,18.04925397,25.48557143,973.0678889,3.870031746
78,1,230.7460317,18.04925397,25.48557143,973.0678889,3.896
80,1,230.7460317,18.04925397,25.48557143,973.0678889,3.896111111
20,1,260,20.232,22.58325,970.49525,3.403
40,1,260,20.232,22.58325,970.49525,3.52775
60,1,260,20.232,22.58325,970.49525,3.62125
78,1,260,20.232,22.58325,970.49525,3.68325
80,1,260,20.232,22.58325,970.49525,3.708
20,1,300,12.114,74.524,972.784,9.8505
40,1,300,12.114,74.524,972.784,10.743
60,1,300,12.114,74.524,972.784,11.55
78,1,300,12.114,74.524,972.784,12.1385
80,1,300,12.114,74.524,972.784,12.187
20,1,79.67391304,21.8081087,23.06606522,967.9247609,2.000391304
40,1,79.67391304,21.8081087,23.06606522,967.9247609,2.017065217
60,1,79.67391304,21.8081087,23.06606522,967.9247609,2.021478261
78,1,79.67391304,21.8081087,23.06606522,967.9247609,1.982934783
80,1,79.67391304,21.8081087,23.06606522,967.9247609,1.997434783
20,1,124.75,23.03507143,26.15789286,961.0783929,11.13917857
40,1,124.75,23.03507143,26.15789286,961.0783929,11.46985714
60,1,124.75,23.03507143,26.15789286,961.0783929,11.66457143
78,1,124.75,23.03507143,26.15789286,961.0783929,11.77196429
80,1,124.75,23.03507143,26.15789286,961.0783929,11.44292857
20,1,246.375,18.29375,25.604375,960.873,8.150125
40,1,246.375,18.29375,25.604375,960.873,8.31725
60,1,246.375,18.29375,25.604375,960.873,8.425375
78,1,246.375,18.29375,25.604375,960.873,8.471625
80,1,246.375,18.29375,25.604375,960.873,8.4935
20,1,300.225,14.106925,45.843525,969.4865,3.8041
40,1,300.225,14.106925,45.843525,969.4865,3.691425
60,1,300.225,14.106925,45.843525,969.4865,3.595225
78,1,300.225,14.106925,45.843525,969.4865,3.518575
80,1,300.225,14.106925,45.843525,969.4865,3.513225
20,1,326,19.622,21.057,972.931,10.2535
40,1,326,19.622,21.057,972.931,10.5145
60,1,326,19.622,21.057,972.931,10.733
78,1,326,19.622,21.057,972.931,10.809
80,1,326,19.622,21.057,972.931,10.874
20,1,330.3333333,20.08966667,28.32,971.7343333,5.327
40,1,330.3333333,20.08966667,28.32,971.7343333,5.449333333
60,1,330.3333333,20.08966667,28.32,971.7343333,5.524333333
78,1,330.3333333,20.08966667,28.32,971.7343333,5.533333333
80,1,330.3333333,20.08966667,28.32,971.7343333,5.557333333
20,2,327.7619048,19.13638095,32.74971429,967.6467619,7.929619048
40,2,327.7619048,19.13638095,32.74971429,967.6467619,8.111190476
60,2,327.7619048,19.13638095,32.74971429,967.6467619,8.189952381
78,2,327.7619048,19.13638095,32.74971429,967.6467619,8.272761905
80,2,327.7619048,19.13638095,32.74971429,967.6467619,8.307619048
20,2,119.1481481,22.142,25.77492593,961.8682963,3.813407407
40,2,119.1481481,22.142,25.77492593,961.8682963,3.92062963
60,2,119.1481481,22.142,25.77492593,961.8682963,3.961814815
78,2,119.1481481,22.142,25.77492593,961.8682963,3.918074074
80,2,119.1481481,22.142,25.77492593,961.8682963,3.925481481
20,2,322,9.795,40.283,970.367,4.284
40,2,322,9.795,40.283,970.367,4.399
60,2,322,9.795,40.283,970.367,4.635
78,2,322,9.795,40.283,970.367,4.659
80,2,322,9.795,40.283,970.367,4.681
20,2,94.58823529,19.46,22.24552941,968.8935882,4.501705882
40,2,94.58823529,19.46,22.24552941,968.8935882,4.589588235
60,2,94.58823529,19.46,22.24552941,968.8935882,4.620529412
78,2,94.58823529,19.46,22.24552941,968.8935882,4.673176471
80,2,94.58823529,19.46,22.24552941,968.8935882,4.711647059
20,2,83.24074074,22.73212963,25.83598148,967.6315,5.139259259
40,2,83.24074074,22.73212963,25.83598148,967.6315,5.245462963
60,2,83.24074074,22.73212963,25.83598148,967.6315,5.284
78,2,83.24074074,22.73212963,25.83598148,967.6315,5.300074074
80,2,83.24074074,22.73212963,25.83598148,967.6315,5.352296296
20,2,250.5294118,12.75568627,62.62211765,966.7280588,11.25684314
40,2,250.5294118,12.75568627,62.62211765,966.7280588,11.92478431
60,2,250.5294118,12.75568627,62.62211765,966.7280588,12.38488235
78,2,250.5294118,12.75568627,62.62211765,966.7280588,12.6802549
80,2,250.5294118,12.75568627,62.62211765,966.7280588,12.69564706
20,2,310.1388889,13.95375694,59.68307639,970.5752153,8.245125
40,2,310.1388889,13.95375694,59.68307639,970.5752153,8.687180556
60,2,310.1388889,13.95375694,59.68307639,970.5752153,9.058597222
78,2,310.1388889,13.95375694,59.68307639,970.5752153,9.322923611
80,2,310.1388889,13.95375694,59.68307639,970.5752153,9.371479167
20,2,313.3913043,12.06378261,81.42626087,974.7602174,8.906434783
40,2,313.3913043,12.06378261,81.42626087,974.7602174,9.633065217
60,2,313.3913043,12.06378261,81.42626087,974.7602174,10.24434783
78,2,313.3913043,12.06378261,81.42626087,974.7602174,10.49373913
80,2,313.3913043,12.06378261,81.42626087,974.7602174,10.50782609
20,2,214.75,16.99725,44.830375,977.2795,3.949875
40,2,214.75,16.99725,44.830375,977.2795,4.08975
60,2,214.75,16.99725,44.830375,977.2795,4.139625
78,2,214.75,16.99725,44.830375,977.2795,4.148625
80,2,214.75,16.99725,44.830375,977.2795,4.1745
20,2,229,15.70990909,35.34490909,975.8736364,3.674272727
40,2,229,15.70990909,35.34490909,975.8736364,3.751545455
60,2,229,15.70990909,35.34490909,975.8736364,3.765454545
78,2,229,15.70990909,35.34490909,975.8736364,3.785
80,2,229,15.70990909,35.34490909,975.8736364,3.800181818
20,2,72.46153846,20.49023077,28.94007692,973.4996923,4.237923077
40,2,72.46153846,20.49023077,28.94007692,973.4996923,4.316769231
60,2,72.46153846,20.49023077,28.94007692,973.4996923,4.316769231
78,2,72.46153846,20.49023077,28.94007692,973.4996923,4.303076923
80,2,72.46153846,20.49023077,28.94007692,973.4996923,4.328307692
20,2,98.47916667,24.65447917,18.84970833,970.2298125,5.2104375
40,2,98.47916667,24.65447917,18.84970833,970.2298125,5.314395833
60,2,98.47916667,24.65447917,18.84970833,970.2298125,5.335125
78,2,98.47916667,24.65447917,18.84970833,970.2298125,5.319979167
80,2,98.47916667,24.65447917,18.84970833,970.2298125,5.357270833
20,2,254.5344828,26.27227586,17.77589655,966.7087586,6.108431034
40,2,254.5344828,26.27227586,17.77589655,966.7087586,6.30487931
60,2,254.5344828,26.27227586,17.77589655,966.7087586,6.438724138
78,2,254.5344828,26.27227586,17.77589655,966.7087586,6.499224138
80,2,254.5344828,26.27227586,17.77589655,966.7087586,6.503206897
20,2,303,12.14475,71.25875,974.52375,9.41975
40,2,303,12.14475,71.25875,974.52375,9.60975
60,2,303,12.14475,71.25875,974.52375,9.71775
78,2,303,12.14475,71.25875,974.52375,9.7885
80,2,303,12.14475,71.25875,974.52375,9.8075
20,3,113.7241379,21.17696552,23.26065517,966.0231379,8.209931034
40,3,113.7241379,21.17696552,23.26065517,966.0231379,8.606862069
60,3,113.7241379,21.17696552,23.26065517,966.0231379,8.563965517
78,3,113.7241379,21.17696552,23.26065517,966.0231379,8.489413793
80,3,113.7241379,21.17696552,23.26065517,966.0231379,8.439965517
20,3,165.5813953,24.9884186,23.36932558,966.4803023,4.892116279
40,3,165.5813953,24.9884186,23.36932558,966.4803023,4.990116279
60,3,165.5813953,24.9884186,23.36932558,966.4803023,5.026744186
78,3,165.5813953,24.9884186,23.36932558,966.4803023,5.005744186
80,3,165.5813953,24.9884186,23.36932558,966.4803023,5.026418605
20,3,99.27777778,23.41594444,33.79305556,962.6055278,4.108055556
40,3,99.27777778,23.41594444,33.79305556,962.6055278,4.213277778
60,3,99.27777778,23.41594444,33.79305556,962.6055278,4.261527778
78,3,99.27777778,23.41594444,33.79305556,962.6055278,4.276277778
80,3,99.27777778,23.41594444,33.79305556,962.6055278,4.3
20,3,143.9130435,21.89052174,21.41008696,966.03,4.758956522
40,3,143.9130435,21.89052174,21.41008696,966.03,4.868304348
60,3,143.9130435,21.89052174,21.41008696,966.03,4.944
78,3,143.9130435,21.89052174,21.41008696,966.03,4.97073913
80,3,143.9130435,21.89052174,21.41008696,966.03,4.996521739
20,3,149.4375,24.479125,20.28402083,967.9410833,3.0118125
40,3,149.4375,24.479125,20.28402083,967.9410833,3.028479167
60,3,149.4375,24.479125,20.28402083,967.9410833,3.033020833
78,3,149.4375,24.479125,20.28402083,967.9410833,2.994041667
80,3,149.4375,24.479125,20.28402083,967.9410833,3.005
20,3,89.42857143,26.29769841,18.7891746,969.6010317,5.203777778
40,3,89.42857143,26.29769841,18.7891746,969.6010317,5.347126984
60,3,89.42857143,26.29769841,18.7891746,969.6010317,5.416460317
78,3,89.42857143,26.29769841,18.7891746,969.6010317,5.437936508
80,3,89.42857143,26.29769841,18.7891746,969.6010317,5.46247619
20,3,127.3428571,27.19512381,17.22705714,965.4118095,10.82477143
40,3,127.3428571,27.19512381,17.22705714,965.4118095,11.41986667
60,3,127.3428571,27.19512381,17.22705714,965.4118095,11.84689524
78,3,127.3428571,27.19512381,17.22705714,965.4118095,12.12804762
80,3,127.3428571,27.19512381,17.22705714,965.4118095,11.83509524
20,3,186.2987013,27.5221039,28.48516883,964.5438961,8.119038961
40,3,186.2987013,27.5221039,28.48516883,964.5438961,8.514246753
60,3,186.2987013,27.5221039,28.48516883,964.5438961,8.824220779
78,3,186.2987013,27.5221039,28.48516883,964.5438961,8.938454545
80,3,186.2987013,27.5221039,28.48516883,964.5438961,8.98225974
20,3,158.4,21.0254,28.7108,970.2208,2.2648
40,3,158.4,21.0254,28.7108,970.2208,2.268
60,3,158.4,21.0254,28.7108,970.2208,2.2986
78,3,158.4,21.0254,28.7108,970.2208,2.2628
80,3,158.4,21.0254,28.7108,970.2208,2.2636
20,3,332.3333333,20.171,9.562,970.4646667,8.670333333
40,3,332.3333333,20.171,9.562,970.4646667,8.909
60,3,332.3333333,20.171,9.562,970.4646667,9.017333333
78,3,332.3333333,20.171,9.562,970.4646667,9.117
80,3,332.3333333,20.171,9.562,970.4646667,9.166333333
20,3,42.08,26.86024,20.91792,966.32124,3.72764
40,3,42.08,26.86024,20.91792,966.32124,3.80556
60,3,42.08,26.86024,20.91792,966.32124,3.84972
78,3,42.08,26.86024,20.91792,966.32124,3.82232
80,3,42.08,26.86024,20.91792,966.32124,3.84688
20,3,176.0645161,28.99741935,12.25629032,963.3949839,3.579741935
40,3,176.0645161,28.99741935,12.25629032,963.3949839,3.646129032
60,3,176.0645161,28.99741935,12.25629032,963.3949839,3.683580645
78,3,176.0645161,28.99741935,12.25629032,963.3949839,3.679532258
80,3,176.0645161,28.99741935,12.25629032,963.3949839,3.690209677
20,3,10,12.725,30.518,962.384,3.537
40,3,10,12.725,30.518,962.384,3.501
60,3,10,12.725,30.518,962.384,3.485
78,3,10,12.725,30.518,962.384,3.548
80,3,10,12.725,30.518,962.384,3.536
20,4,333.4444444,20.07577778,30.16488889,959.6738889,6.001111111
40,4,333.4444444,20.07577778,30.16488889,959.6738889,6.150666667
60,4,333.4444444,20.07577778,30.16488889,959.6738889,6.183444444
78,4,333.4444444,20.07577778,30.16488889,959.6738889,6.239111111
80,4,333.4444444,20.07577778,30.16488889,959.6738889,6.260777778
20,4,78.875,23.3525,20.63,971.1179375,4.69875
40,4,78.875,23.3525,20.63,971.1179375,4.822375
60,4,78.875,23.3525,20.63,971.1179375,4.924625
78,4,78.875,23.3525,20.63,971.1179375,4.969625
80,4,78.875,23.3525,20.63,971.1179375,5.0035625
20,4,109.3466667,28.39521333,13.57421333,966.90332,5.032773333
40,4,109.3466667,28.39521333,13.57421333,966.90332,5.220653333
60,4,109.3466667,28.39521333,13.57421333,966.90332,5.290733333
78,4,109.3466667,28.39521333,13.57421333,966.90332,5.32204
80,4,109.3466667,28.39521333,13.57421333,966.90332,5.31716
20,4,75.5,26.06075,9.77165,968.73755,2.75665
40,4,75.5,26.06075,9.77165,968.73755,2.78125
60,4,75.5,26.06075,9.77165,968.73755,2.79835
78,4,75.5,26.06075,9.77165,968.73755,2.7698
80,4,75.5,26.06075,9.77165,968.73755,2.7805
20,4,323.7142857,24.16414286,20.17657143,968.965,4.872142857
40,4,323.7142857,24.16414286,20.17657143,968.965,5.033857143
60,4,323.7142857,24.16414286,20.17657143,968.965,5.173428571
78,4,323.7142857,24.16414286,20.17657143,968.965,5.250857143
80,4,323.7142857,24.16414286,20.17657143,968.965,5.266428571
20,4,345.5,18.1565,17.7615,968.4265,7.4055
40,4,345.5,18.1565,17.7615,968.4265,7.5555
60,4,345.5,18.1565,17.7615,968.4265,7.55
78,4,345.5,18.1565,17.7615,968.4265,7.553
80,4,345.5,18.1565,17.7615,968.4265,7.5875
20,4,97.88461538,22.063,22.96792308,968.2460385,3.262769231
40,4,97.88461538,22.063,22.96792308,968.2460385,3.317
60,4,97.88461538,22.063,22.96792308,968.2460385,3.336230769
78,4,97.88461538,22.063,22.96792308,968.2460385,3.321769231
80,4,97.88461538,22.063,22.96792308,968.2460385,3.323807692
20,4,144.7142857,25.08842857,15.85171429,967.636,8.884
40,4,144.7142857,25.08842857,15.85171429,967.636,9.092
60,4,144.7142857,25.08842857,15.85171429,967.636,9.216428571
78,4,144.7142857,25.08842857,15.85171429,967.636,9.256428571
80,4,144.7142857,25.08842857,15.85171429,967.636,9.166
20,4,190.5833333,27.59016667,24.67186111,964.0398056,5.76375
40,4,190.5833333,27.59016667,24.67186111,964.0398056,5.863222222
60,4,190.5833333,27.59016667,24.67186111,964.0398056,5.931111111
78,4,190.5833333,27.59016667,24.67186111,964.0398056,5.936166667
80,4,190.5833333,27.59016667,24.67186111,964.0398056,5.97025
20,4,51.48484848,25.44924242,28.87881818,964.6498788,5.239818182
40,4,51.48484848,25.44924242,28.87881818,964.6498788,5.329939394
60,4,51.48484848,25.44924242,28.87881818,964.6498788,5.361212121
78,4,51.48484848,25.44924242,28.87881818,964.6498788,5.361030303
80,4,51.48484848,25.44924242,28.87881818,964.6498788,5.399818182
20,4,122.5405405,28.56185586,18.48321622,967.8499459,4.313252252
40,4,122.5405405,28.56185586,18.48321622,967.8499459,4.691468468
60,4,122.5405405,28.56185586,18.48321622,967.8499459,4.970756757
78,4,122.5405405,28.56185586,18.48321622,967.8499459,5.124927928
80,4,122.5405405,28.56185586,18.48321622,967.8499459,5.035351351
20,4,147.4537037,31.11087037,16.20375,966.3789074,9.335861111
40,4,147.4537037,31.11087037,16.20375,966.3789074,9.697111111
60,4,147.4537037,31.11087037,16.20375,966.3789074,9.935462963
78,4,147.4537037,31.11087037,16.20375,966.3789074,10.05019444
80,4,147.4537037,31.11087037,16.20375,966.3789074,9.805925926
20,4,224.8,24.80146667,31.1198,965.787,4.487533333
40,4,224.8,24.80146667,31.1198,965.787,4.648866667
60,4,224.8,24.80146667,31.1198,965.787,4.977
78,4,224.8,24.80146667,31.1198,965.787,5.374466667
80,4,224.8,24.80146667,31.1198,965.787,5.4492
20,4,326,22.063,29.053,966.119,12.895
40,4,326,22.063,29.053,966.119,13.1605
60,4,326,22.063,29.053,966.119,13.3835
78,4,326,22.063,29.053,966.119,13.495
80,4,326,22.063,29.053,966.119,13.554
20,4,329.2727273,27.728,20.26754545,967.7616364,12.3019697
40,4,329.2727273,27.728,20.26754545,967.7616364,12.56948485
60,4,329.2727273,27.728,20.26754545,967.7616364,12.75627273
78,4,329.2727273,27.728,20.26754545,967.7616364,12.88772727
80,4,329.2727273,27.728,20.26754545,967.7616364,12.93393939
20,4,319.4444444,24.41616667,23.77666667,968.6866111,7.554888889
40,4,319.4444444,24.41616667,23.77666667,968.6866111,7.955222222
60,4,319.4444444,24.41616667,23.77666667,968.6866111,8.333277778
78,4,319.4444444,24.41616667,23.77666667,968.6866111,8.65
80,4,319.4444444,24.41616667,23.77666667,968.6866111,8.686055556
20,4,324,23.772,13.0615,965.643,8.1905
40,4,324,23.772,13.0615,965.643,8.4935
60,4,324,23.772,13.0615,965.643,8.6975
78,4,324,23.772,13.0615,965.643,8.8335
80,4,324,23.772,13.0615,965.643,8.8585
20,5,133.8275862,29.93658621,13.29737931,967.1268966,4.000758621
40,5,133.8275862,29.93658621,13.29737931,967.1268966,4.09562069
60,5,133.8275862,29.93658621,13.29737931,967.1268966,4.11862069
78,5,133.8275862,29.93658621,13.29737931,967.1268966,4.126068966
80,5,133.8275862,29.93658621,13.29737931,967.1268966,4.128689655
20,5,318.4375,22.2766875,33.1345,967.8335313,9.96246875
40,5,318.4375,22.2766875,33.1345,967.8335313,10.4331875
60,5,318.4375,22.2766875,33.1345,967.8335313,10.9020625
78,5,318.4375,22.2766875,33.1345,967.8335313,11.2660625
80,5,318.4375,22.2766875,33.1345,967.8335313,11.3278125
20,5,77.10810811,31.51014865,14.10401351,968.3371892,4.159405405
40,5,77.10810811,31.51014865,14.10401351,968.3371892,4.217675676
60,5,77.10810811,31.51014865,14.10401351,968.3371892,4.240081081
78,5,77.10810811,31.51014865,14.10401351,968.3371892,4.237297297
80,5,77.10810811,31.51014865,14.10401351,968.3371892,4.239891892
20,5,136.047619,31.05266667,14.01485714,967.9744762,9.006428571
40,5,136.047619,31.05266667,14.01485714,967.9744762,9.196047619
60,5,136.047619,31.05266667,14.01485714,967.9744762,9.372666667
78,5,136.047619,31.05266667,14.01485714,967.9744762,9.458428571
80,5,136.047619,31.05266667,14.01485714,967.9744762,9.14347619
20,5,77.2,21.526,16.6626,964.9326,3.4646
40,5,77.2,21.526,16.6626,964.9326,3.4997
60,5,77.2,21.526,16.6626,964.9326,3.4991
78,5,77.2,21.526,16.6626,964.9326,3.4782
80,5,77.2,21.526,16.6626,964.9326,3.489
20,5,295.3157895,28.29173684,23.62373684,964.8625263,3.964947368
40,5,295.3157895,28.29173684,23.62373684,964.8625263,4.09
60,5,295,29.38038889,23.74938889,964.8862778,4.266166667
78,5,295,29.38038889,23.74938889,964.8862778,4.334111111
80,5,295,29.38038889,23.74938889,964.8862778,4.326555556
20,5,28,10.649,25.146,967.95,2.44
40,5,28,10.649,25.146,967.95,2.34
60,5,28,10.649,25.146,967.95,2.258
78,5,28,10.649,25.146,967.95,2.092
80,5,28,10.649,25.146,967.95,2.078
20,5,322.5,23.772,12.146,968.829,9.2955
40,5,322.5,23.772,12.146,968.829,9.468
60,5,322.5,23.772,12.146,968.829,9.639
78,5,322.5,23.772,12.146,968.829,9.6545
80,5,322.5,23.772,12.146,968.829,9.678
20,5,340.5,25.145,12.78675,965.6615,6.782
40,5,340.5,25.145,12.78675,965.6615,6.9455
60,5,340.5,25.145,12.78675,965.6615,7.034
78,5,340.5,25.145,12.78675,965.6615,7.04525
80,5,340.5,25.145,12.78675,965.6615,7.065
20,5,326,10.039,24.902,967.804,14.775
40,5,326,10.039,24.902,967.804,15.038
60,5,326,10.039,24.902,967.804,15.242
78,5,326,10.039,24.902,967.804,15.529
80,5,326,10.039,24.902,967.804,15.594
20,5,321.7826087,28.24347826,22.39204348,968.9215217,15.05052174
40,5,321.7826087,28.24347826,22.39204348,968.9215217,15.38547826
60,5,321.7826087,28.24347826,22.39204348,968.9215217,15.65391304
78,5,321.7826087,28.24347826,22.39204348,968.9215217,15.74765217
80,5,321.7826087,28.24347826,22.39204348,968.9215217,15.77773913
20,5,300.3,30.15485556,21.85071111,967.4033556,7.1617
40,5,300.3,30.15485556,21.85071111,967.4033556,7.280555556
60,5,300.3,30.15485556,21.85071111,967.4033556,7.363511111
78,5,300.3,30.15485556,21.85071111,967.4033556,7.420788889
80,5,300.3,30.15485556,21.85071111,967.4033556,7.422044444
20,5,227.3119266,32.45510092,19.89856881,964.0221193,7.419073394
40,5,227.3119266,32.45510092,19.89856881,964.0221193,7.699990826
60,5,227.3119266,32.45510092,19.89856881,964.0221193,7.893669725
78,5,227.3119266,32.45510092,19.89856881,964.0221193,7.981220183
80,5,227.3119266,32.45510092,19.89856881,964.0221193,7.968146789
20,5,243.0869565,26.79443478,24.80156522,963.937913,6.685869565
40,5,243.0869565,26.79443478,24.80156522,963.937913,6.848086957
60,5,243.0869565,26.79443478,24.80156522,963.937913,6.949565217
78,5,243.0869565,26.79443478,24.80156522,963.937913,7.007347826
80,5,243.0869565,26.79443478,24.80156522,963.937913,7.048956522
