Height,Month,Windvane,Temperature, Humidity, Pressure, Wind Speed,Wind Power
20,9,322.9074074,23.10057407,60.61025926,966.1421667,9.340314815,870.0574712
40,9,322.9074074,23.10057407,60.61025926,966.1421667,9.927333333,1044.626915
60,9,322.9074074,23.10057407,60.61025926,966.1421667,10.50374074,1237.358023
78,9,322.9074074,23.10057407,60.61025926,966.1421667,10.95157407,1402.468232
80,9,322.9074074,23.10057407,60.61025926,966.1421667,11.00557407,1423.316556
20,9,325.3888889,23.10145139,57.37646528,966.5708403,9.597777778,944.0075516
40,9,325.3888889,23.10145139,57.37646528,966.5708403,10.11697222,1105.643381
60,9,325.3888889,23.10145139,57.37646528,966.5708403,10.63539583,1284.471204
78,9,325.3888889,23.10145139,57.37646528,966.5708403,11.01777083,1428.053909
80,9,325.3888889,23.10145139,57.37646528,966.5708403,11.07024306,1448.554589
20,9,304.0347222,23.39644444,49.54950694,966.6262639,8.478395833,650.7354462
40,9,304.0347222,23.39644444,49.54950694,966.6262639,8.988041667,775.2800861
60,9,304.0347222,23.39644444,49.54950694,966.6262639,9.435826389,897.0222645
78,9,304.0347222,23.39644444,49.54950694,966.6262639,9.787625,1001.141265
80,9,304.0347222,23.39644444,49.54950694,966.6262639,9.834465278,1015.583536
20,9,312.1875,23.13029861,53.86947917,965.8434931,7.7620625,499.3382141
40,9,312.1875,23.13029861,53.86947917,965.8434931,8.167833333,581.8137752
60,9,312.1875,23.13029861,53.86947917,965.8434931,8.482770833,651.7433386
78,9,312.1875,23.13029861,53.86947917,965.8434931,8.759958333,717.7439146
80,9,312.1875,23.13029861,53.86947917,965.8434931,8.789083333,724.9267812
20,10,264.90625,22.68867188,61.91632813,964.8855,5.82346875,210.8670127
40,10,264.90625,22.68867188,61.91632813,964.8855,6.086515625,240.7518435
60,10,264.90625,22.68867188,61.91632813,964.8855,6.2995,266.920321
78,10,264.90625,22.68867188,61.91632813,964.8855,6.462734375,288.2121709
80,10,264.90625,22.68867188,61.91632813,964.8855,6.476859375,290.1060601
20,10,318.8875,25.1528625,50.9841625,967.8046375,8.536425,664.1887033
40,10,318.8875,25.1528625,50.9841625,967.8046375,9.067475,796.0172849
60,10,318.8875,25.1528625,50.9841625,967.8046375,9.5517375,930.4874796
78,10,318.8875,25.1528625,50.9841625,967.8046375,9.9348375,1046.997637
80,10,318.8875,25.1528625,50.9841625,967.8046375,9.9873,1063.671895
20,10,317.1666667,21.81209028,58.27928472,968.6028472,11.95361111,1823.730939
40,10,317.1666667,21.81209028,58.27928472,968.6028472,12.40076389,2036.145053
60,10,317.1666667,21.81209028,58.27928472,968.6028472,12.88004861,2281.475997
78,10,317.1666667,21.81209028,58.27928472,968.6028472,13.20015972,2455.845019
80,10,317.1666667,21.81209028,58.27928472,968.6028472,13.26473611,2492.064286
20,10,315.3055556,19.22403472,58.02495139,968.2350208,11.71277083,1715.703891
40,10,315.3055556,19.22403472,58.02495139,968.2350208,12.20225,1939.91702
60,10,315.3055556,19.22403472,58.02495139,968.2350208,12.71043056,2192.523133
78,10,315.3055556,19.22403472,58.02495139,968.2350208,13.04546528,2370.511777
80,10,315.3055556,19.22403472,58.02495139,968.2350208,13.11002778,2405.881503
20,10,313.1111111,18.61109722,56.11846528,969.2680278,11.22809722,1511.408607
40,10,313.1111111,18.61109722,56.11846528,969.2680278,11.7345625,1725.297945
60,10,313.1111111,18.61109722,56.11846528,969.2680278,12.254125,1964.763656
78,10,313.1111111,18.61109722,56.11846528,969.2680278,12.60759722,2139.736895
80,10,313.1111111,18.61109722,56.11846528,969.2680278,12.67301389,2173.217183
20,10,310.4861111,19.39185417,53.03193056,970.8762778,10.8094375,1348.567478
40,10,310.4861111,19.39185417,53.03193056,970.8762778,11.33139583,1553.508486
60,10,310.4861111,19.39185417,53.03193056,970.8762778,11.81494444,1760.996323
78,10,310.4861111,19.39185417,53.03193056,970.8762778,12.16611806,1922.735199
80,10,310.4861111,19.39185417,53.03193056,970.8762778,12.22128472,1949.009625
20,10,306.9930556,20.85083333,44.78786806,970.1240417,8.771027778,720.4682667
40,10,306.9930556,20.85083333,44.78786806,970.1240417,9.243076389,843.1658811
60,10,306.9930556,20.85083333,44.78786806,970.1240417,9.673652778,966.5734962
78,10,306.9930556,20.85083333,44.78786806,970.1240417,10.01084722,1071.213157
80,10,306.9930556,20.85083333,44.78786806,970.1240417,10.05365972,1085.015503
20,10,309.5347222,23.83889583,39.29388194,969.1302083,6.561604167,301.6431593
40,10,309.5347222,23.83889583,39.29388194,969.1302083,6.904666667,351.4726608
60,10,309.5347222,23.83889583,39.29388194,969.1302083,7.194222222,397.5712246
78,10,309.5347222,23.83889583,39.29388194,969.1302083,7.430381944,438.0228966
80,10,309.5347222,23.83889583,39.29388194,969.1302083,7.458347222,442.9872144
20,10,308.5833333,24.09072222,42.37959028,970.4170278,7.240944444,405.3676095
40,10,308.5833333,24.09072222,42.37959028,970.4170278,7.613201389,471.1566792
60,10,308.5833333,24.09072222,42.37959028,970.4170278,7.941034722,534.680915
78,10,308.5833333,24.09072222,42.37959028,970.4170278,8.214458333,591.8343811
80,10,308.5833333,24.09072222,42.37959028,970.4170278,8.246854167,598.8641864
20,10,309.3125,23.527875,44.76756944,971.3865208,9.045111111,790.1419431
40,10,309.3125,23.527875,44.76756944,971.3865208,9.523111111,922.1465635
60,10,309.3125,23.527875,44.76756944,971.3865208,9.929979167,1045.46238
78,10,309.3125,23.527875,44.76756944,971.3865208,10.26682639,1155.505594
80,10,309.3125,23.527875,44.76756944,971.3865208,10.30925694,1169.891241
20,10,307.875,23.51341667,33.34554861,969.4536597,9.8359375,1016.039703
40,10,307.875,23.51341667,33.34554861,969.4536597,10.28284722,1160.923353
60,10,307.875,23.51341667,33.34554861,969.4536597,10.64236111,1286.996515
78,10,307.875,23.51341667,33.34554861,969.4536597,10.94704167,1400.72768
80,10,307.875,23.51341667,33.34554861,969.4536597,10.98733333,1416.251225
20,10,309.7708333,23.10738194,60.10863889,966.9029583,8.992555556,776.4487342
40,10,309.7708333,23.10738194,60.10863889,966.9029583,9.461145833,904.2626809
60,10,309.7708333,23.10738194,60.10863889,966.9029583,9.814590278,1009.438629
78,10,309.7708333,23.10738194,60.10863889,966.9029583,10.06316667,1088.096452
80,10,309.7708333,23.10738194,60.10863889,966.9029583,10.09586111,1098.736368
20,10,315.6527778,22.74620833,57.54516667,967.8628194,8.810548611,730.2511553
40,10,315.6527778,22.74620833,57.54516667,967.8628194,9.332868056,867.978116
60,10,315.6527778,22.74620833,57.54516667,967.8628194,9.812298611,1008.731694
78,10,315.6527778,22.74620833,57.54516667,967.8628194,10.18825,1129.177399
80,10,315.6527778,22.74620833,57.54516667,967.8628194,10.24559722,1148.352536
20,10,312.6180556,23.48459722,38.7615625,969.5503403,7.92425,531.2976601
40,10,312.6180556,23.48459722,38.7615625,969.5503403,8.500194444,655.7676357
60,10,312.6180556,23.48459722,38.7615625,969.5503403,9.024694444,784.8034752
78,10,312.6180556,23.48459722,38.7615625,969.5503403,9.435805556,897.0163229
80,10,312.6180556,23.48459722,38.7615625,969.5503403,9.482645833,910.4413811
20,10,310.2847222,22.41231944,41.61241667,967.9329236,8.102375,567.9373315
40,10,310.2847222,22.41231944,41.61241667,967.9329236,8.516180556,659.4744575
60,10,310.2847222,22.41231944,41.61241667,967.9329236,8.8714375,745.4961233
78,10,310.2847222,22.41231944,41.61241667,967.9329236,9.161638889,821.0751477
80,10,310.2847222,22.41231944,41.61241667,967.9329236,9.199951389,831.4190966
20,10,288.1944444,24.76288889,35.12488889,966.5637292,5.627618056,190.2993219
40,10,288.1944444,24.76288889,35.12488889,966.5637292,5.725659722,200.4195119
60,10,288.1944444,24.76288889,35.12488889,966.5637292,5.833111111,211.9161937
78,10,288.1944444,24.76288889,35.12488889,966.5637292,5.907201389,220.0942664
80,10,288.1944444,24.76288889,35.12488889,966.5637292,5.913895833,220.8433923
20,10,190.0486111,25.48606944,36.65159028,968.4456181,5.541993056,181.7445219
40,10,190.0486111,25.48606944,36.65159028,968.4456181,5.814569444,209.9017613
60,10,190.0486111,25.48606944,36.65159028,968.4456181,6.080319444,240.0173229
78,10,190.0486111,25.48606944,36.65159028,968.4456181,6.263194444,262.3318863
80,10,190.0486111,25.48606944,36.65159028,968.4456181,6.295041667,266.3540009
20,10,314.5833333,20.80323611,61.04025694,972.2328333,9.436708333,897.2738157
40,10,314.5833333,20.80323611,61.04025694,972.2328333,9.9164375,1041.19107
60,10,314.5833333,20.80323611,61.04025694,972.2328333,10.357625,1186.434993
78,10,314.5833333,20.80323611,61.04025694,972.2328333,10.705625,1310.085011
80,10,314.5833333,20.80323611,61.04025694,972.2328333,10.76404861,1331.650783
20,10,307.1319444,20.34127083,56.44734028,971.799,9.456611111,902.9630661
40,10,307.1319444,20.34127083,56.44734028,971.799,9.919451389,1042.140702
60,10,307.1319444,20.34127083,56.44734028,971.799,10.34034722,1180.507538
78,10,307.1319444,20.34127083,56.44734028,971.799,10.65974306,1293.312893
80,10,307.1319444,20.34127083,56.44734028,971.799,10.70544444,1310.018726
20,10,306.9236111,22.62593056,44.01484028,969.3839583,6.823715278,339.2548694
40,10,306.9236111,22.62593056,44.01484028,969.3839583,7.160159722,391.9507758
60,10,306.9236111,22.62593056,44.01484028,969.3839583,7.437388889,439.263249
78,10,306.9236111,22.62593056,44.01484028,969.3839583,7.683055556,484.245193
80,10,306.9236111,22.62593056,44.01484028,969.3839583,7.711423611,489.628941
20,10,305.0347222,23.16163194,44.11821528,968.8077639,6.8675625,345.8368439
40,10,305.0347222,23.16163194,44.11821528,968.8077639,7.195680556,397.8130473
60,10,305.0347222,23.16163194,44.11821528,968.8077639,7.473229167,445.6442404
78,10,305.0347222,23.16163194,44.11821528,968.8077639,7.721048611,491.4646188
80,10,305.0347222,23.16163194,44.11821528,968.8077639,7.747680556,496.567756
20,10,305.6736111,22.28000694,47.23954167,969.0762639,7.218305556,401.5773263
40,10,305.6736111,22.28000694,47.23954167,969.0762639,7.5336875,456.5477453
60,10,305.6736111,22.28000694,47.23954167,969.0762639,7.790451389,504.8371004
78,10,305.6736111,22.28000694,47.23954167,969.0762639,7.9845625,543.5215547
80,10,305.6736111,22.28000694,47.23954167,969.0762639,8.012097222,549.1639616
20,10,302.8541667,21.42807639,51.02204167,968.6561597,7.562111111,461.7347496
40,10,302.8541667,21.42807639,51.02204167,968.6561597,7.960895833,538.702786
60,10,302.8541667,21.42807639,51.02204167,968.6561597,8.293006944,608.975029
78,10,302.8541667,21.42807639,51.02204167,968.6561597,8.569569444,671.955333
80,10,302.8541667,21.42807639,51.02204167,968.6561597,8.600972222,679.3694802
20,10,305.7291667,22.13330556,37.28738889,968.2395764,8.356166667,622.9951681
40,10,305.7291667,22.13330556,37.28738889,968.2395764,8.846333333,739.1852579
60,10,305.7291667,22.13330556,37.28738889,968.2395764,9.277555556,852.6368307
78,10,305.7291667,22.13330556,37.28738889,968.2395764,9.622673611,951.3726531
80,10,305.7291667,22.13330556,37.28738889,968.2395764,9.661590278,962.9622149
20,10,306.4930556,20.01660417,49.21381944,968.4817014,9.719548611,980.396351
40,10,306.4930556,20.01660417,49.21381944,968.4817014,10.21901389,1139.437126
60,10,306.4930556,20.01660417,49.21381944,968.4817014,10.68197222,1301.420761
78,10,306.4930556,20.01660417,49.21381944,968.4817014,11.02611806,1431.302112
80,10,306.4930556,20.01660417,49.21381944,968.4817014,11.07344444,1449.811669
20,10,311.4652778,19.87590278,59.23040972,968.5778403,9.574006944,937.0108335
40,10,311.4652778,19.87590278,59.23040972,968.5778403,10.16194444,1120.453523
60,10,311.4652778,19.87590278,59.23040972,968.5778403,10.69565972,1306.429957
78,10,311.4652778,19.87590278,59.23040972,968.5778403,11.10902083,1463.83033
80,10,311.4652778,19.87590278,59.23040972,968.5778403,11.1675625,1487.094518
20,10,309.7222222,19.72504861,56.25574306,968.3805208,8.362715278,624.4610141
40,10,309.7222222,19.72504861,56.25574306,968.3805208,8.895409722,751.5558628
60,10,309.7222222,19.72504861,56.25574306,968.3805208,9.3964375,885.8355105
78,10,309.7222222,19.72504861,56.25574306,968.3805208,9.801347222,1005.357963
80,10,309.7222222,19.72504861,56.25574306,968.3805208,9.857756944,1022.816476
20,10,310.2847222,19.49527778,65.09488194,967.00775,7.143284722,389.1860637
40,10,310.2847222,19.49527778,65.09488194,967.00775,7.489805556,448.6162768
60,10,310.2847222,19.49527778,65.09488194,967.00775,7.761819444,499.2913079
78,10,310.2847222,19.49527778,65.09488194,967.00775,7.987125,544.0450227
80,10,310.2847222,19.49527778,65.09488194,967.00775,8.025736111,551.9732424
20,10,300.0972222,20.49804861,60.66811806,967.2218056,5.421416667,170.13817
40,10,300.0972222,20.49804861,60.66811806,967.2218056,5.560284722,183.5500428
60,10,300.0972222,20.49804861,60.66811806,967.2218056,5.648368056,192.4120923
78,10,300.0972222,20.49804861,60.66811806,967.2218056,5.716048611,199.4119306
80,10,300.0972222,20.49804861,60.66811806,967.2218056,5.736270833,201.535864
20,10,310.4097222,20.90503472,65.81202083,968.5554653,6.382458333,277.6050501
40,10,310.4097222,20.90503472,65.81202083,968.5554653,6.666645833,316.3629007
60,10,310.4097222,20.90503472,65.81202083,968.5554653,6.924263889,354.4738727
78,10,310.4097222,20.90503472,65.81202083,968.5554653,7.139875,388.6290162
80,10,310.4097222,20.90503472,65.81202083,968.5554653,7.179645833,395.1595313
20,11,317.7361111,20.87446528,62.92045833,969.2629653,8.059173611,558.9010584
40,11,317.7361111,20.87446528,62.92045833,969.2629653,8.593652778,677.6365214
60,11,317.7361111,20.87446528,62.92045833,969.2629653,9.114861111,808.5624412
78,11,317.7361111,20.87446528,62.92045833,969.2629653,9.493479167,913.5653153
80,11,317.7361111,20.87446528,62.92045833,969.2629653,9.554131944,931.1874232
20,11,312.9444444,20.14128472,61.40308333,969.5171806,7.380256944,429.2179183
40,11,312.9444444,20.14128472,61.40308333,969.5171806,7.890444444,524.5269376
60,11,312.9444444,20.14128472,61.40308333,969.5171806,8.363784722,624.7006175
78,11,312.9444444,20.14128472,61.40308333,969.5171806,8.725833333,709.388491
80,11,312.9444444,20.14128472,61.40308333,969.5171806,8.779576389,722.5769162
20,11,311.9375,20.78985417,56.70929861,969.9521458,6.557881944,301.1301082
40,11,311.9375,20.78985417,56.70929861,969.9521458,6.955847222,359.3465681
60,11,311.9375,20.78985417,56.70929861,969.9521458,7.278006944,411.6241004
78,11,311.9375,20.78985417,56.70929861,969.9521458,7.531138889,456.0845581
80,11,311.9375,20.78985417,56.70929861,969.9521458,7.569090278,463.0143522
20,11,217.0625,22.88694444,47.52263889,969.9241944,4.548118056,100.4519993
40,11,217.0625,22.88694444,47.52263889,969.9241944,4.685034722,109.7998734
60,11,217.0625,22.88694444,47.52263889,969.9241944,4.810583333,118.8657198
78,11,217.0625,22.88694444,47.52263889,969.9241944,4.943916667,129.025878
80,11,217.0625,22.88694444,47.52263889,969.9241944,4.964090278,130.6117988
20,11,299.3055556,22.45634028,49.81916667,970.1413472,5.834006944,212.0138453
40,11,299.3055556,22.45634028,49.81916667,970.1413472,5.926118056,222.2154722
60,11,299.3055556,22.45634028,49.81916667,970.1413472,5.956944444,225.701293
78,11,299.3055556,22.45634028,49.81916667,970.1413472,6.002506944,230.9199268
80,11,299.3055556,22.45634028,49.81916667,970.1413472,6.014173611,232.2690159
20,11,215.5069444,22.82172917,39.71613889,968.7370556,4.5305625,99.29326133
40,11,215.5069444,22.82172917,39.71613889,968.7370556,4.552534722,100.7449297
60,11,215.5069444,22.82172917,39.71613889,968.7370556,4.531388889,99.34760545
78,11,215.5069444,22.82172917,39.71613889,968.7370556,4.492375,96.80357646
80,11,215.5069444,22.82172917,39.71613889,968.7370556,4.503506944,97.52498854
20,11,165.9375,24.66466667,29.45709028,965.5495347,4.922319444,127.3423271
40,11,165.9375,24.66466667,29.45709028,965.5495347,5.055569444,137.9664973
60,11,165.9375,24.66466667,29.45709028,965.5495347,5.1345625,144.5352345
78,11,165.9375,24.66466667,29.45709028,965.5495347,5.165138889,147.1327695
80,11,165.9375,24.66466667,29.45709028,965.5495347,5.171722222,147.6960801
20,11,271.4027778,21.37723611,50.71090972,965.232125,6.490055556,291.8828922
40,11,271.4027778,21.37723611,50.71090972,965.232125,6.758111111,329.5637084
60,11,271.4027778,21.37723611,50.71090972,965.232125,6.979416667,363.0118283
78,11,271.4027778,21.37723611,50.71090972,965.232125,7.169993056,393.5678395
80,11,271.4027778,21.37723611,50.71090972,965.232125,7.202965278,399.022478
20,11,311.2708333,19.51306944,67.92877083,966.7259514,8.767451389,719.5873126
40,11,311.2708333,19.51306944,67.92877083,966.7259514,9.2368125,841.4528414
60,11,311.2708333,19.51306944,67.92877083,966.7259514,9.634590278,954.9115562
78,11,311.2708333,19.51306944,67.92877083,966.7259514,9.959055556,1054.673084
80,11,311.2708333,19.51306944,67.92877083,966.7259514,10.0084375,1070.439785
20,11,312.048951,19.83540559,70.31251049,967.542035,7.769608392,500.7959258
40,11,312.048951,19.83540559,70.31251049,967.542035,8.224839161,594.0809679
60,11,312.048951,19.83540559,70.31251049,967.542035,8.639783217,688.6077948
78,11,312.048951,19.83540559,70.31251049,967.542035,8.990195804,775.837647
80,11,312.048951,19.83540559,70.31251049,967.542035,9.041643357,789.2335072
20,11,263.0277778,20.99494444,62.87636806,968.2635208,5.466631944,174.4306914
40,11,263.0277778,20.99494444,62.87636806,968.2635208,5.624409722,189.9740356
60,11,263.0277778,20.99494444,62.87636806,968.2635208,5.746,202.5630663
78,11,263.0277778,20.99494444,62.87636806,968.2635208,5.874215278,216.4277642
80,11,263.0277778,20.99494444,62.87636806,968.2635208,5.895694444,218.810571
20,11,295.5763889,21.61207639,57.79775694,968.5518819,6.2375625,259.124292
40,11,295.5763889,21.61207639,57.79775694,968.5518819,6.564583333,302.0542112
60,11,295.5763889,21.61207639,57.79775694,968.5518819,6.888076389,348.9452268
78,11,295.5763889,21.61207639,57.79775694,968.5518819,7.189833333,396.8440445
80,11,295.5763889,21.61207639,57.79775694,968.5518819,7.237409722,404.7742494
20,11,311.7361111,21.58998611,50.15477778,968.5076944,7.217944444,401.51706
40,11,311.7361111,21.58998611,50.15477778,968.5076944,7.744729167,496.0004869
60,11,311.7361111,21.58998611,50.15477778,968.5076944,8.279416667,605.9860344
78,11,311.7361111,21.58998611,50.15477778,968.5076944,8.733916667,711.3617824
80,11,311.7361111,21.58998611,50.15477778,968.5076944,8.791486111,725.5214897
20,11,266.1388889,20.64649306,50.44888194,968.0757708,5.286548611,157.7538938
40,11,266.1388889,20.64649306,50.44888194,968.0757708,5.512673611,178.8752433
60,11,266.1388889,20.64649306,50.44888194,968.0757708,5.691479167,196.8515547
78,11,266.1388889,20.64649306,50.44888194,968.0757708,5.837159722,212.3577567
80,11,266.1388889,20.64649306,50.44888194,968.0757708,5.856333333,214.4572645
20,11,303.8611111,20.27600694,52.08673611,968.2452222,6.0795625,239.9276941
40,11,303.8611111,20.27600694,52.08673611,968.2452222,6.326770833,270.4018815
60,11,303.8611111,20.27600694,52.08673611,968.2452222,6.533416667,297.7724168
78,11,303.8611111,20.27600694,52.08673611,968.2452222,6.718833333,323.8508208
80,11,303.8611111,20.27600694,52.08673611,968.2452222,6.741208333,327.097063
20,11,308.8125,19.59947222,50.68373611,968.9364097,8.757770833,717.2063529
40,11,308.8125,19.59947222,50.68373611,968.9364097,9.319465278,864.2440164
60,11,308.8125,19.59947222,50.68373611,968.9364097,9.795638889,1003.602415
78,11,308.8125,19.59947222,50.68373611,968.9364097,10.18609722,1128.461765
80,11,308.8125,19.59947222,50.68373611,968.9364097,10.23723611,1145.543426
20,11,317.1180556,17.84148611,69.54024306,967.0194236,9.6646875,963.8886041
40,11,317.1180556,17.84148611,69.54024306,967.0194236,10.25714583,1152.240108
60,11,317.1180556,17.84148611,69.54024306,967.0194236,10.74438889,1324.367623
78,11,317.1180556,17.84148611,69.54024306,967.0194236,11.10046528,1460.45085
80,11,317.1180556,17.84148611,69.54024306,967.0194236,11.15811806,1483.324786
20,11,314.8611111,17.35816667,71.51372222,967.2692083,8.316229167,614.1051551
40,11,314.8611111,17.35816667,71.51372222,967.2692083,8.783402778,723.5220867
60,11,314.8611111,17.35816667,71.51372222,967.2692083,9.134715278,813.8576376
78,11,314.8611111,17.35816667,71.51372222,967.2692083,9.398715278,886.4798693
80,11,314.8611111,17.35816667,71.51372222,967.2692083,9.444493056,899.4962404
20,11,311.3125,17.78709028,61.98034028,969.3423125,7.231631944,403.8056034
40,11,311.3125,17.78709028,61.98034028,969.3423125,7.715131944,490.3356512
60,11,311.3125,17.78709028,61.98034028,969.3423125,8.157951389,579.7045873
78,11,311.3125,17.78709028,61.98034028,969.3423125,8.526055556,661.7712141
80,11,311.3125,17.78709028,61.98034028,969.3423125,8.579847222,674.3759308
20,11,316.1111111,18.28892361,60.28492361,971.1011181,8.591083333,677.0288769
40,11,316.1111111,18.28892361,60.28492361,971.1011181,9.220611111,837.0328728
60,11,316.1111111,18.28892361,60.28492361,971.1011181,9.761458333,993.1332269
78,11,316.1111111,18.28892361,60.28492361,971.1011181,10.15579167,1118.419544
80,11,316.1111111,18.28892361,60.28492361,971.1011181,10.21699306,1138.761281
20,11,305.1666667,19.26304167,47.24122917,970.2278542,6.000645833,230.7051993
40,11,305.1666667,19.26304167,47.24122917,970.2278542,6.255402778,261.3540495
60,11,305.1666667,19.26304167,47.24122917,970.2278542,6.485229167,291.2321922
78,11,305.1666667,19.26304167,47.24122917,970.2278542,6.737402778,326.5434159
80,11,305.1666667,19.26304167,47.24122917,970.2278542,6.779395833,332.6874161
20,11,151.625,21.66122917,46.09252778,968.6327431,4.719381944,112.2325363
40,11,151.625,21.66122917,46.09252778,968.6327431,4.829131944,120.2459928
60,11,151.625,21.66122917,46.09252778,968.6327431,4.960909722,130.3609058
78,11,151.625,21.66122917,46.09252778,968.6327431,5.047840278,137.3346774
80,11,151.625,21.66122917,46.09252778,968.6327431,4.981944444,132.0261741
20,11,173.9925926,22.45585185,42.5854,969.1860593,4.011525926,68.92744933
40,11,173.9925926,22.45585185,42.5854,969.1860593,4.098022222,73.48290636
60,11,173.9925926,22.45585185,42.5854,969.1860593,4.214614815,79.93501594
78,11,173.9925926,22.45585185,42.5854,969.1860593,4.313340741,85.68498005
80,11,173.9925926,22.45585185,42.5854,969.1860593,4.326303704,86.45983606
20,11,239.7291667,20.69898611,53.36340972,969.2803333,3.196979167,34.88854165
40,11,239.7291667,20.69898611,53.36340972,969.2803333,3.199333333,34.96567127
60,11,239.7291667,20.69898611,53.36340972,969.2803333,3.202388889,35.06594993
78,11,239.7291667,20.69898611,53.36340972,969.2803333,3.226972222,35.87972276
80,11,239.7291667,20.69898611,53.36340972,969.2803333,3.240229167,36.32374168
20,11,159.9444444,23.64485417,46.540125,968.4451389,3.833013889,60.12908241
40,11,159.9444444,23.64485417,46.540125,968.4451389,4.007611111,68.72584902
60,11,159.9444444,23.64485417,46.540125,968.4451389,4.068069444,71.883377
78,11,159.9444444,23.64485417,46.540125,968.4451389,4.075493056,72.27762443
80,11,159.9444444,23.64485417,46.540125,968.4451389,4.040104167,70.41109298
20,11,141.7777778,26.94151389,30.06828472,968.6083958,5.165923611,147.1998398
40,11,141.7777778,26.94151389,30.06828472,968.6083958,5.477409722,175.464427
60,11,141.7777778,26.94151389,30.06828472,968.6083958,5.708180556,198.589601
78,11,141.7777778,26.94151389,30.06828472,968.6083958,5.827263889,211.2795458
80,11,141.7777778,26.94151389,30.06828472,968.6083958,5.763611111,204.431308
20,11,158.3611111,27.71386806,24.88195833,970.6916944,4.9954375,133.1018178
40,11,158.3611111,27.71386806,24.88195833,970.6916944,5.114097222,142.8138534
60,11,158.3611111,27.71386806,24.88195833,970.6916944,5.145423611,145.4543798
78,11,158.3611111,27.71386806,24.88195833,970.6916944,5.132465278,144.3581998
80,11,158.3611111,27.71386806,24.88195833,970.6916944,5.058784722,138.2298996
20,11,305.6597222,20.69222917,66.28418056,971.7216736,6.394284722,279.1510778
40,11,305.6597222,20.69222917,66.28418056,971.7216736,6.701569444,321.3608478
60,11,305.6597222,20.69222917,66.28418056,971.7216736,6.954805556,359.1851514
78,11,305.6597222,20.69222917,66.28418056,971.7216736,7.154402778,391.0061216
80,11,305.6597222,20.69222917,66.28418056,971.7216736,7.181395833,395.4485558
20,11,304.5138889,17.45406944,69.90391667,970.5248056,9.106368056,806.3043369
40,11,304.5138889,17.45406944,69.90391667,970.5248056,9.546895833,929.0732363
60,11,304.5138889,17.45406944,69.90391667,970.5248056,9.935777778,1047.294943
78,11,304.5138889,17.45406944,69.90391667,970.5248056,10.21953472,1139.611356
80,11,304.5138889,17.45406944,69.90391667,970.5248056,10.25224306,1150.588632
20,11,281.9166667,17.6335625,59.59575694,970.5395694,5.319673611,160.7379253
40,11,281.9166667,17.6335625,59.59575694,970.5395694,5.529673611,180.5351999
60,11,281.9166667,17.6335625,59.59575694,970.5395694,5.690701389,196.7708626
78,11,281.9166667,17.6335625,59.59575694,970.5395694,5.831104167,211.6975329
80,11,281.9166667,17.6335625,59.59575694,970.5395694,5.857666667,214.6037767
20,12,118.3819444,23.98134028,43.09840278,971.0380625,5.948375,224.7286365
40,12,118.3819444,23.98134028,43.09840278,971.0380625,6.27775,264.1651044
60,12,118.3819444,23.98134028,43.09840278,971.0380625,6.472895833,289.5737911
78,12,118.3819444,23.98134028,43.09840278,971.0380625,6.652277778,314.3218158
80,12,118.3819444,23.98134028,43.09840278,971.0380625,6.407847222,280.9311154
20,12,138.3125,25.37244444,40.08904861,971.5619444,3.888270833,62.76722385
40,12,138.3125,25.37244444,40.08904861,971.5619444,4.346326389,87.66584187
60,12,138.3125,25.37244444,40.08904861,971.5619444,4.666166667,108.4786167
78,12,138.3125,25.37244444,40.08904861,971.5619444,4.734180556,113.2916364
80,12,138.3125,25.37244444,40.08904861,971.5619444,4.587701389,103.0976638
20,12,168.7708333,25.63863889,34.4746875,968.3509722,4.782819444,116.8195035
40,12,168.7708333,25.63863889,34.4746875,968.3509722,4.974354167,131.4236447
60,12,168.7708333,25.63863889,34.4746875,968.3509722,5.265041667,155.8363742
78,12,168.7708333,25.63863889,34.4746875,968.3509722,5.529263889,180.4950725
80,12,168.7708333,25.63863889,34.4746875,968.3509722,5.5506875,182.6012433
20,12,311.5902778,18.41610417,76.71438889,968.2498125,6.748736111,328.1940761
40,12,311.5902778,18.41610417,76.71438889,968.2498125,7.046819444,373.6309376
60,12,311.5902778,18.41610417,76.71438889,968.2498125,7.232881944,404.0150351
78,12,311.5902778,18.41610417,76.71438889,968.2498125,7.360173611,425.7234504
80,12,311.5902778,18.41610417,76.71438889,968.2498125,7.393479167,431.5289713
20,12,243.7708333,16.93771528,52.44441667,969.8489097,5.540840278,181.6311327
40,12,243.7708333,16.93771528,52.44441667,969.8489097,5.682583333,195.9299544
60,12,243.7708333,16.93771528,52.44441667,969.8489097,5.787201389,206.9517888
78,12,243.7708333,16.93771528,52.44441667,969.8489097,5.848354167,213.5818738
80,12,243.7708333,16.93771528,52.44441667,969.8489097,5.878340278,216.8840251
20,12,271.4652778,16.28174306,50.05559028,971.9306944,4.354923611,88.18709208
40,12,271.4652778,16.28174306,50.05559028,971.9306944,4.372715278,89.27235617
60,12,271.4652778,16.28174306,50.05559028,971.9306944,4.386729167,90.13342294
78,12,271.4652778,16.28174306,50.05559028,971.9306944,4.398569444,90.86523552
80,12,271.4652778,16.28174306,50.05559028,971.9306944,4.412701389,91.74386153
20,12,291.0972222,17.0826875,47.92534028,973.0059375,4.42825,92.7170898
40,12,291.0972222,17.0826875,47.92534028,973.0059375,4.581548611,102.6834127
60,12,291.0972222,17.0826875,47.92534028,973.0059375,4.7205,112.3123213
78,12,291.0972222,17.0826875,47.92534028,973.0059375,4.823541667,119.8288802
80,12,291.0972222,17.0826875,47.92534028,973.0059375,4.847090278,121.592482
20,12,309.9791667,16.15275694,63.5469375,974.3477222,6.996923611,365.7503878
40,12,309.9791667,16.15275694,63.5469375,974.3477222,7.431208333,438.1690604
60,12,309.9791667,16.15275694,63.5469375,974.3477222,7.796576389,506.0287742
78,12,309.9791667,16.15275694,63.5469375,974.3477222,8.0724375,561.6651417
80,12,309.9791667,16.15275694,63.5469375,974.3477222,8.119819444,571.6135489
20,12,317.44,13.00796,84.96584,975.1836,9.10092,804.8580424
40,12,317.44,13.00796,84.96584,975.1836,9.49376,913.6463922
60,12,317.44,13.00796,84.96584,975.1836,10.0134,1072.032848
78,12,317.44,13.00796,84.96584,975.1836,10.3364,1179.156148
80,12,317.44,13.00796,84.96584,975.1836,10.40092,1201.375208
20,12,278,8.696,46.875,969.928,10.341,1180.731126
20,12,311.6699029,17.10850485,41.7362233,972.0197476,5.29176699,158.2215141
40,12,311.6699029,17.10850485,41.7362233,972.0197476,5.425902913,170.5608899
60,12,311.6699029,17.10850485,41.7362233,972.0197476,5.551708738,182.702049
78,12,311.6699029,17.10850485,41.7362233,972.0197476,5.651009709,192.682183
80,12,311.6699029,17.10850485,41.7362233,972.0197476,5.671291262,194.7642549
20,12,200.6597222,17.43792361,45.14903472,970.9200139,3.2638125,37.12265265
40,12,200.6597222,17.43792361,45.14903472,970.9200139,3.322076389,39.14643712
60,12,200.6597222,17.43792361,45.14903472,970.9200139,3.420826389,42.74216327
78,12,200.6597222,17.43792361,45.14903472,970.9200139,3.489236111,45.3580602
80,12,200.6597222,17.43792361,45.14903472,970.9200139,3.500555556,45.8009326
20,12,219.4375,18.87984722,29.55289583,969.3830417,7.056958333,375.2459877
40,12,219.4375,18.87984722,29.55289583,969.3830417,7.186402778,396.2762652
60,12,219.4375,18.87984722,29.55289583,969.3830417,7.221125,402.0480742
78,12,219.4375,18.87984722,29.55289583,969.3830417,7.2231875,402.3926719
80,12,219.4375,18.87984722,29.55289583,969.3830417,7.274076389,410.9575562
20,12,256.2152778,13.88513889,36.05397222,970.2140625,7.166708333,393.0271826
40,12,256.2152778,13.88513889,36.05397222,970.2140625,7.411576389,434.70553
60,12,256.2152778,13.88513889,36.05397222,970.2140625,7.544118056,458.4466731
78,12,256.2152778,13.88513889,36.05397222,970.2140625,7.606090278,469.8376602
80,12,256.2152778,13.88513889,36.05397222,970.2140625,7.61075,470.7016999
20,12,247.8680556,14.5905,54.30604167,970.0472778,8.483208333,651.8441851
40,12,247.8680556,14.5905,54.30604167,970.0472778,8.908159722,754.7921651
60,12,247.8680556,14.5905,54.30604167,970.0472778,9.1766875,825.1278114
78,12,247.8680556,14.5905,54.30604167,970.0472778,9.316479167,863.4135283
80,12,247.8680556,14.5905,54.30604167,970.0472778,9.334854167,868.5323726
20,12,281.5833333,14.06055556,63.06372917,972.0105278,5.207777778,150.8067324
40,12,281.5833333,14.06055556,63.06372917,972.0105278,5.319958333,160.763736
60,12,281.5833333,14.06055556,63.06372917,972.0105278,5.392173611,167.3998242
78,12,281.5833333,14.06055556,63.06372917,972.0105278,5.4080625,168.8839989
80,12,281.5833333,14.06055556,63.06372917,972.0105278,5.416416667,169.667865
20,1,303.4583333,13.78515972,71.06781944,973.384375,5.393763889,167.5479783
40,1,303.4583333,13.78515972,71.06781944,973.384375,5.623375,189.8692064
60,1,303.4583333,13.78515972,71.06781944,973.384375,5.762638889,204.3278733
78,1,303.4583333,13.78515972,71.06781944,973.384375,5.836854167,212.3244098
80,1,303.4583333,13.78515972,71.06781944,973.384375,5.845041667,213.2191618
20,1,302.9166667,13.33501389,64.78375694,973.3899514,6.809368056,337.1194616
40,1,302.9166667,13.33501389,64.78375694,973.3899514,7.151333333,390.5030788
60,1,302.9166667,13.33501389,64.78375694,973.3899514,7.408944444,434.2425861
78,1,302.9166667,13.33501389,64.78375694,973.3899514,7.593888889,467.5802005
80,1,302.9166667,13.33501389,64.78375694,973.3899514,7.616819444,471.8287281
20,1,305.4930556,13.55784028,63.23582639,972.4144375,6.896701389,350.2576786
40,1,305.4930556,13.55784028,63.23582639,972.4144375,7.269111111,410.1165728
60,1,305.4930556,13.55784028,63.23582639,972.4144375,7.638715278,475.9094905
78,1,305.4930556,13.55784028,63.23582639,972.4144375,7.966986111,539.940094
80,1,305.4930556,13.55784028,63.23582639,972.4144375,8.010298611,548.7942043
20,1,309.7847222,13.36884722,71.47301389,970.4205417,10.12011806,1106.675088
40,1,309.7847222,13.36884722,71.47301389,970.4205417,10.65869444,1292.931257
60,1,309.7847222,13.36884722,71.47301389,970.4205417,11.19333333,1497.413378
78,1,309.7847222,13.36884722,71.47301389,970.4205417,11.59547222,1664.672163
80,1,309.7847222,13.36884722,71.47301389,970.4205417,11.64679167,1686.872735
20,1,320.625,13.19590972,74.32385417,971.2119583,9.538444444,926.6080338
40,1,320.625,13.19590972,74.32385417,971.2119583,10.18467361,1127.988689
60,1,320.625,13.19590972,74.32385417,971.2119583,10.76930556,1333.60279
78,1,320.625,13.19590972,74.32385417,971.2119583,11.21013889,1504.168113
80,1,320.625,13.19590972,74.32385417,971.2119583,11.28538889,1534.662868
20,1,311.7291667,13.54010417,59.31933333,972.9301458,6.622486111,310.1177084
40,1,311.7291667,13.54010417,59.31933333,972.9301458,7.070076389,377.3424945
60,1,311.7291667,13.54010417,59.31933333,972.9301458,7.518680556,453.8248763
78,1,311.7291667,13.54010417,59.31933333,972.9301458,7.8746875,521.3908223
80,1,311.7291667,13.54010417,59.31933333,972.9301458,7.923909722,531.2292191
20,1,166.1388889,15.34320139,48.61283333,971.0685139,4.447638889,93.94030252
40,1,166.1388889,15.34320139,48.61283333,971.0685139,4.701895833,110.9896311
60,1,166.1388889,15.34320139,48.61283333,971.0685139,4.887263889,124.6409545
78,1,166.1388889,15.34320139,48.61283333,971.0685139,4.993833333,132.9736315
80,1,166.1388889,15.34320139,48.61283333,971.0685139,4.971090278,131.1651162
20,1,160.2638889,15.98065278,46.05357639,968.7502986,4.811388889,118.9254437
40,1,160.2638889,15.98065278,46.05357639,968.7502986,4.982652778,132.0824966
60,1,160.2638889,15.98065278,46.05357639,968.7502986,5.187902778,149.0866938
78,1,160.2638889,15.98065278,46.05357639,968.7502986,5.322611111,161.0043487
80,1,160.2638889,15.98065278,46.05357639,968.7502986,5.353541667,163.8275585
20,1,259.9791667,13.52065278,51.09576389,969.3819375,4.928041667,127.7869519
40,1,259.9791667,13.52065278,51.09576389,969.3819375,5.100680556,141.6927972
60,1,259.9791667,13.52065278,51.09576389,969.3819375,5.223631944,152.1882436
78,1,259.9791667,13.52065278,51.09576389,969.3819375,5.261590278,155.5301091
80,1,259.9791667,13.52065278,51.09576389,969.3819375,5.2799375,157.1627946
20,1,284.3958333,12.3575625,61.42168056,973.6554583,5.973298611,227.5653189
40,1,284.3958333,12.3575625,61.42168056,973.6554583,6.002284722,230.8942807
60,1,284.3958333,12.3575625,61.42168056,973.6554583,5.983541667,228.7380195
78,1,284.3958333,12.3575625,61.42168056,973.6554583,5.941368056,223.9354079
80,1,284.3958333,12.3575625,61.42168056,973.6554583,5.941930556,223.9990173
20,1,315.4236111,13.65099306,62.57036111,977.9325139,6.535333333,298.0345605
40,1,315.4236111,13.65099306,62.57036111,977.9325139,6.945986111,357.8204268
60,1,315.4236111,13.65099306,62.57036111,977.9325139,7.269680556,410.2129629
78,1,315.4236111,13.65099306,62.57036111,977.9325139,7.415951389,435.4757951
80,1,315.4236111,13.65099306,62.57036111,977.9325139,7.445993056,440.789538
20,1,310.4583333,14.22170833,59.01419444,977.6969931,6.149569444,248.3118972
40,1,310.4583333,14.22170833,59.01419444,977.6969931,6.518194444,295.6959205
60,1,310.4583333,14.22170833,59.01419444,977.6969931,6.779951389,332.7692116
78,1,310.4583333,14.22170833,59.01419444,977.6969931,6.849701389,343.1455052
80,1,310.4583333,14.22170833,59.01419444,977.6969931,6.864826389,345.4236532
20,1,300.5902778,14.98456944,54.35266667,973.6762847,4.868513889,123.2118951
40,1,300.5902778,14.98456944,54.35266667,973.6762847,4.926479167,127.6654409
60,1,300.5902778,14.98456944,54.35266667,973.6762847,4.992819444,132.8926557
78,1,300.5902778,14.98456944,54.35266667,973.6762847,5.060145833,138.3415056
80,1,300.5902778,14.98456944,54.35266667,973.6762847,5.070319444,139.1776065
20,1,225.5,16.67288028,49.63361972,970.5048873,4.010316901,68.86514645
40,1,225.5,16.67288028,49.63361972,970.5048873,4.100767606,73.63069028
60,1,225.5,16.67288028,49.63361972,970.5048873,4.161429577,76.94688557
78,1,225.5,16.67288028,49.63361972,970.5048873,4.198683099,79.0319483
80,1,225.5,16.67288028,49.63361972,970.5048873,4.211401408,79.75231746
20,1,303.7708333,15.68145833,50.88463194,972.5278333,5.419930556,169.9982943
40,1,303.7708333,15.68145833,50.88463194,972.5278333,5.433909722,171.3170764
60,1,303.7708333,15.68145833,50.88463194,972.5278333,5.482381944,175.9427044
78,1,303.7708333,15.68145833,50.88463194,972.5278333,5.525333333,180.1104236
80,1,303.7708333,15.68145833,50.88463194,972.5278333,5.5329375,180.8550712
20,1,166.6260163,19.02160163,30.24469919,970.7500407,4.364682927,88.78129939
40,1,167.0163934,19.1062377,30.28048361,970.7441721,4.260696721,82.58577784
60,1,167.0163934,19.1062377,30.28048361,970.7441721,4.200967213,79.16100037
78,1,167.0163934,19.1062377,30.28048361,970.7441721,4.126860656,75.0451816
80,1,167.0163934,19.1062377,30.28048361,970.7441721,4.143188525,75.93945624
20,1,311.9166667,15.83495833,55.97175,973.830875,9.546458333,928.9455139
40,1,311.9166667,15.83495833,55.97175,973.830875,10.24352083,1147.654497
60,1,311.9166667,15.83495833,55.97175,973.830875,10.88622917,1377.513345
78,1,311.9166667,15.83495833,55.97175,973.830875,11.36339583,1566.70707
80,1,311.9166667,15.83495833,55.97175,973.830875,11.42229167,1591.194007
20,1,290.1111111,13.95440741,62.79396296,976.2672963,7.821814815,510.9589215
40,1,290.1111111,13.95440741,62.79396296,976.2672963,8.391851852,631.0108438
60,1,290.1111111,13.95440741,62.79396296,976.2672963,8.830555556,735.2372112
78,1,290.1111111,13.95440741,62.79396296,976.2672963,9.189555556,828.6037998
80,1,290.1111111,13.95440741,62.79396296,976.2672963,9.207148148,833.3717825
20,1,109.2,18.7306,32.5684,975.2742,1.61,4.455957354
40,1,109.2,18.7306,32.5684,975.2742,1.6096,4.452636969
60,1,109.2,18.7306,32.5684,975.2742,1.547,3.953068489
78,1,109.2,18.7306,32.5684,975.2742,1.53,3.824174402
80,1,109.2,18.7306,32.5684,975.2742,1.5236,3.776385223
20,1,284.7333333,18.35871111,28.89811111,973.5850444,5.030688889,135.9395345
40,1,284.7333333,18.35871111,28.89811111,973.5850444,4.932844444,128.1609325
60,1,284.7333333,18.35871111,28.89811111,973.5850444,4.834733333,120.6649042
78,1,284.7333333,18.35871111,28.89811111,973.5850444,4.727622222,112.8214544
80,1,284.7333333,18.35871111,28.89811111,973.5850444,4.718088889,112.1403104
20,1,230.7460317,18.04925397,25.48557143,973.0678889,3.974539683,67.03844159
40,1,230.7460317,18.04925397,25.48557143,973.0678889,3.89668254,63.17546893
60,1,230.7460317,18.04925397,25.48557143,973.0678889,3.870031746,61.88807585
78,1,230.7460317,18.04925397,25.48557143,973.0678889,3.896,63.14227746
80,1,230.7460317,18.04925397,25.48557143,973.0678889,3.896111111,63.14767993
20,1,260,20.232,22.58325,970.49525,3.403,42.07743375
40,1,260,20.232,22.58325,970.49525,3.52775,46.876675
60,1,260,20.232,22.58325,970.49525,3.62125,50.70361478
78,1,260,20.232,22.58325,970.49525,3.68325,53.3527722
80,1,260,20.232,22.58325,970.49525,3.708,54.43554484
20,1,300,12.114,74.524,972.784,9.8505,1020.559251
40,1,300,12.114,74.524,972.784,10.743,1323.8541
60,1,300,12.114,74.524,972.784,11.55,1645.164579
78,1,300,12.114,74.524,972.784,12.1385,1909.670616
80,1,300,12.114,74.524,972.784,12.187,1932.652759
20,1,79.67391304,21.8081087,23.06606522,967.9247609,2.000391304,8.546893092
40,1,79.67391304,21.8081087,23.06606522,967.9247609,2.017065217,8.762402909
60,1,79.67391304,21.8081087,23.06606522,967.9247609,2.021478261,8.820041395
78,1,79.67391304,21.8081087,23.06606522,967.9247609,1.982934783,8.325085261
80,1,79.67391304,21.8081087,23.06606522,967.9247609,1.997434783,8.509052876
20,1,124.75,23.03507143,26.15789286,961.0783929,11.13917857,1475.784335
40,1,124.75,23.03507143,26.15789286,961.0783929,11.46985714,1611.155373
60,1,124.75,23.03507143,26.15789286,961.0783929,11.66457143,1694.609974
78,1,124.75,23.03507143,26.15789286,961.0783929,11.77196429,1741.847803
80,1,124.75,23.03507143,26.15789286,961.0783929,11.44292857,1599.834134
20,1,246.375,18.29375,25.604375,960.873,8.150125,578.0377563
40,1,246.375,18.29375,25.604375,960.873,8.31725,614.3313307
60,1,246.375,18.29375,25.604375,960.873,8.425375,638.6032388
78,1,246.375,18.29375,25.604375,960.873,8.471625,649.1776621
80,1,246.375,18.29375,25.604375,960.873,8.4935,654.2194792
20,1,300.225,14.106925,45.843525,969.4865,3.8041,58.77859115
40,1,300.225,14.106925,45.843525,969.4865,3.691425,53.70881186
60,1,300.225,14.106925,45.843525,969.4865,3.595225,49.61827054
78,1,300.225,14.106925,45.843525,969.4865,3.518575,46.51187375
80,1,300.225,14.106925,45.843525,969.4865,3.513225,46.300032
20,1,326,19.622,21.057,972.931,10.2535,1151.011877
40,1,326,19.622,21.057,972.931,10.5145,1241.164295
60,1,326,19.622,21.057,972.931,10.733,1320.160656
78,1,326,19.622,21.057,972.931,10.809,1348.403739
80,1,326,19.622,21.057,972.931,10.874,1372.876223
20,1,330.3333333,20.08966667,28.32,971.7343333,5.327,161.4029574
40,1,330.3333333,20.08966667,28.32,971.7343333,5.449333333,172.7800203
60,1,330.3333333,20.08966667,28.32,971.7343333,5.524333333,180.0126497
78,1,330.3333333,20.08966667,28.32,971.7343333,5.533333333,180.8938898
80,1,330.3333333,20.08966667,28.32,971.7343333,5.557333333,183.2579138
20,2,327.7619048,19.13638095,32.74971429,967.6467619,7.929619048,532.3783285
40,2,327.7619048,19.13638095,32.74971429,967.6467619,8.111190476,569.793116
60,2,327.7619048,19.13638095,32.74971429,967.6467619,8.189952381,586.5533608
78,2,327.7619048,19.13638095,32.74971429,967.6467619,8.272761905,604.525985
80,2,327.7619048,19.13638095,32.74971429,967.6467619,8.307619048,612.1997076
20,2,119.1481481,22.142,25.77492593,961.8682963,3.813407407,59.21108443
40,2,119.1481481,22.142,25.77492593,961.8682963,3.92062963,64.34737735
60,2,119.1481481,22.142,25.77492593,961.8682963,3.961814815,66.39661098
78,2,119.1481481,22.142,25.77492593,961.8682963,3.918074074,64.2216301
80,2,119.1481481,22.142,25.77492593,961.8682963,3.925481481,64.58656633
20,2,322,9.795,40.283,970.367,4.284,83.94827647
40,2,322,9.795,40.283,970.367,4.399,90.89192126
60,2,322,9.795,40.283,970.367,4.635,106.3194235
78,2,322,9.795,40.283,970.367,4.659,107.9795539
80,2,322,9.795,40.283,970.367,4.681,109.5164408
20,2,94.58823529,19.46,22.24552941,968.8935882,4.501705882,97.40802747
40,2,94.58823529,19.46,22.24552941,968.8935882,4.589588235,103.2249232
60,2,94.58823529,19.46,22.24552941,968.8935882,4.620529412,105.3267333
78,2,94.58823529,19.46,22.24552941,968.8935882,4.673176471,108.9682413
80,2,94.58823529,19.46,22.24552941,968.8935882,4.711647059,111.6816058
20,2,83.24074074,22.73212963,25.83598148,967.6315,5.139259259,144.9322314
40,2,83.24074074,22.73212963,25.83598148,967.6315,5.245462963,154.1043409
60,2,83.24074074,22.73212963,25.83598148,967.6315,5.284,157.5258474
78,2,83.24074074,22.73212963,25.83598148,967.6315,5.300074074,158.967819
80,2,83.24074074,22.73212963,25.83598148,967.6315,5.352296296,163.7132537
20,2,250.5294118,12.75568627,62.62211765,966.7280588,11.25684314,1523.046772
40,2,250.5294118,12.75568627,62.62211765,966.7280588,11.92478431,1810.568646
60,2,250.5294118,12.75568627,62.62211765,966.7280588,12.38488235,2028.332055
78,2,250.5294118,12.75568627,62.62211765,966.7280588,12.6802549,2176.944462
80,2,250.5294118,12.75568627,62.62211765,966.7280588,12.69564706,2184.881659
20,2,310.1388889,13.95375694,59.68307639,970.5752153,8.245125,598.4875632
40,2,310.1388889,13.95375694,59.68307639,970.5752153,8.687180556,700.0030653
60,2,310.1388889,13.95375694,59.68307639,970.5752153,9.058597222,793.681481
78,2,310.1388889,13.95375694,59.68307639,970.5752153,9.322923611,865.2065029
80,2,310.1388889,13.95375694,59.68307639,970.5752153,9.371479167,878.795511
20,2,313.3913043,12.06378261,81.42626087,974.7602174,8.906434783,754.3537854
40,2,313.3913043,12.06378261,81.42626087,974.7602174,9.633065217,954.4581688
60,2,313.3913043,12.06378261,81.42626087,974.7602174,10.24434783,1147.932481
78,2,313.3913043,12.06378261,81.42626087,974.7602174,10.49373913,1233.826769
80,2,313.3913043,12.06378261,81.42626087,974.7602174,10.50782609,1238.802367
20,2,214.75,16.99725,44.830375,977.2795,3.949875,65.79811521
40,2,214.75,16.99725,44.830375,977.2795,4.08975,73.03880868
60,2,214.75,16.99725,44.830375,977.2795,4.139625,75.74367989
78,2,214.75,16.99725,44.830375,977.2795,4.148625,76.23878001
80,2,214.75,16.99725,44.830375,977.2795,4.1745,77.67420087
20,2,229,15.70990909,35.34490909,975.8736364,3.674272727,52.96360832
40,2,229,15.70990909,35.34490909,975.8736364,3.751545455,56.37597113
60,2,229,15.70990909,35.34490909,975.8736364,3.765454545,57.00535123
78,2,229,15.70990909,35.34490909,975.8736364,3.785,57.89766501
80,2,229,15.70990909,35.34490909,975.8736364,3.800181818,58.59715422
20,2,72.46153846,20.49023077,28.94007692,973.4996923,4.237923077,81.26856779
40,2,72.46153846,20.49023077,28.94007692,973.4996923,4.316769231,85.88946448
60,2,72.46153846,20.49023077,28.94007692,973.4996923,4.316769231,85.88946448
78,2,72.46153846,20.49023077,28.94007692,973.4996923,4.303076923,85.07475887
80,2,72.46153846,20.49023077,28.94007692,973.4996923,4.328307692,86.58003899
20,2,98.47916667,24.65447917,18.84970833,970.2298125,5.2104375,151.037911
40,2,98.47916667,24.65447917,18.84970833,970.2298125,5.314395833,160.2599838
60,2,98.47916667,24.65447917,18.84970833,970.2298125,5.335125,162.1426234
78,2,98.47916667,24.65447917,18.84970833,970.2298125,5.319979167,160.7656247
80,2,98.47916667,24.65447917,18.84970833,970.2298125,5.357270833,164.1701537
20,2,254.5344828,26.27227586,17.77589655,966.7087586,6.108431034,243.3618076
40,2,254.5344828,26.27227586,17.77589655,966.7087586,6.30487931,267.6046961
60,2,254.5344828,26.27227586,17.77589655,966.7087586,6.438724138,285.011808
78,2,254.5344828,26.27227586,17.77589655,966.7087586,6.499224138,293.1216804
80,2,254.5344828,26.27227586,17.77589655,966.7087586,6.503206897,293.6608902
20,2,303,12.14475,71.25875,974.52375,9.41975,892.4451382
40,2,303,12.14475,71.25875,974.52375,9.60975,947.5446116
60,2,303,12.14475,71.25875,974.52375,9.71775,979.8521821
78,2,303,12.14475,71.25875,974.52375,9.7885,1001.409791
80,2,303,12.14475,71.25875,974.52375,9.8075,1007.252486
20,3,113.7241379,21.17696552,23.26065517,966.0231379,8.209931034,590.8563734
40,3,113.7241379,21.17696552,23.26065517,966.0231379,8.606862069,680.7661093
60,3,113.7241379,21.17696552,23.26065517,966.0231379,8.563965517,670.6379529
78,3,113.7241379,21.17696552,23.26065517,966.0231379,8.489413793,653.2757021
80,3,113.7241379,21.17696552,23.26065517,966.0231379,8.439965517,641.9266623
20,3,165.5813953,24.9884186,23.36932558,966.4803023,4.892116279,125.0125779
40,3,165.5813953,24.9884186,23.36932558,966.4803023,4.990116279,132.6769241
60,3,165.5813953,24.9884186,23.36932558,966.4803023,5.026744186,135.6200033
78,3,165.5813953,24.9884186,23.36932558,966.4803023,5.005744186,133.9273737
80,3,165.5813953,24.9884186,23.36932558,966.4803023,5.026418605,135.5936527
20,3,99.27777778,23.41594444,33.79305556,962.6055278,4.108055556,74.02396131
40,3,99.27777778,23.41594444,33.79305556,962.6055278,4.213277778,79.85896473
60,3,99.27777778,23.41594444,33.79305556,962.6055278,4.261527778,82.63411278
78,3,99.27777778,23.41594444,33.79305556,962.6055278,4.276277778,83.49512563
80,3,99.27777778,23.41594444,33.79305556,962.6055278,4.3,84.89239074
20,3,143.9130435,21.89052174,21.41008696,966.03,4.758956522,115.0796703
40,3,143.9130435,21.89052174,21.41008696,966.03,4.868304348,123.1959867
60,3,143.9130435,21.89052174,21.41008696,966.03,4.944,129.0324026
78,3,143.9130435,21.89052174,21.41008696,966.03,4.97073913,131.1373225
80,3,143.9130435,21.89052174,21.41008696,966.03,4.996521739,133.1885042
20,3,149.4375,24.479125,20.28402083,967.9410833,3.0118125,29.17072291
40,3,149.4375,24.479125,20.28402083,967.9410833,3.028479167,29.65767959
60,3,149.4375,24.479125,20.28402083,967.9410833,3.033020833,29.79130844
78,3,149.4375,24.479125,20.28402083,967.9410833,2.994041667,28.6574087
80,3,149.4375,24.479125,20.28402083,967.9410833,3.005,28.97322417
20,3,89.42857143,26.29769841,18.7891746,969.6010317,5.203777778,150.4595034
40,3,89.42857143,26.29769841,18.7891746,969.6010317,5.347126984,163.239363
60,3,89.42857143,26.29769841,18.7891746,969.6010317,5.416460317,169.6719671
78,3,89.42857143,26.29769841,18.7891746,969.6010317,5.437936508,171.698221
80,3,89.42857143,26.29769841,18.7891746,969.6010317,5.46247619,174.0331851
20,3,127.3428571,27.19512381,17.22705714,965.4118095,10.82477143,1354.314729
40,3,127.3428571,27.19512381,17.22705714,965.4118095,11.41986667,1590.180771
60,3,127.3428571,27.19512381,17.22705714,965.4118095,11.84689524,1775.321619
78,3,127.3428571,27.19512381,17.22705714,965.4118095,12.12804762,1904.741649
80,3,127.3428571,27.19512381,17.22705714,965.4118095,11.83509524,1770.022019
20,3,186.2987013,27.5221039,28.48516883,964.5438961,8.119038961,571.4487329
40,3,186.2987013,27.5221039,28.48516883,964.5438961,8.514246753,659.0253112
60,3,186.2987013,27.5221039,28.48516883,964.5438961,8.824220779,733.6560345
78,3,186.2987013,27.5221039,28.48516883,964.5438961,8.938454545,762.5190631
80,3,186.2987013,27.5221039,28.48516883,964.5438961,8.98225974,773.7848562
20,3,158.4,21.0254,28.7108,970.2208,2.2648,12.40374892
40,3,158.4,21.0254,28.7108,970.2208,2.268,12.45640007
60,3,158.4,21.0254,28.7108,970.2208,2.2986,12.96742082
78,3,158.4,21.0254,28.7108,970.2208,2.2628,12.37091742
80,3,158.4,21.0254,28.7108,970.2208,2.2636,12.38404306
20,3,332.3333333,20.171,9.562,970.4646667,8.670333333,695.9383686
40,3,332.3333333,20.171,9.562,970.4646667,8.909,755.0057766
60,3,332.3333333,20.171,9.562,970.4646667,9.017333333,782.8846352
78,3,332.3333333,20.171,9.562,970.4646667,9.117,809.1317854
80,3,332.3333333,20.171,9.562,970.4646667,9.166333333,822.3379568
20,3,42.08,26.86024,20.91792,966.32124,3.72764,55.30511347
40,3,42.08,26.86024,20.91792,966.32124,3.80556,58.84629416
60,3,42.08,26.86024,20.91792,966.32124,3.84972,60.91872814
78,3,42.08,26.86024,20.91792,966.32124,3.82232,59.62721512
80,3,42.08,26.86024,20.91792,966.32124,3.84688,60.78400542
20,3,176.0645161,28.99741935,12.25629032,963.3949839,3.579741935,48.97997462
40,3,176.0645161,28.99741935,12.25629032,963.3949839,3.646129032,51.75585637
60,3,176.0645161,28.99741935,12.25629032,963.3949839,3.683580645,53.36714192
78,3,176.0645161,28.99741935,12.25629032,963.3949839,3.679532258,53.19137803
80,3,176.0645161,28.99741935,12.25629032,963.3949839,3.690209677,53.65578189
20,3,10,12.725,30.518,962.384,3.537,47.24638418
40,3,10,12.725,30.518,962.384,3.501,45.81838002
60,3,10,12.725,30.518,962.384,3.485,45.19305966
78,3,10,12.725,30.518,962.384,3.548,47.68856246
80,3,10,12.725,30.518,962.384,3.536,47.20632224
20,4,333.4444444,20.07577778,30.16488889,959.6738889,6.001111111,230.7588687
40,4,333.4444444,20.07577778,30.16488889,959.6738889,6.150666667,248.4448343
60,4,333.4444444,20.07577778,30.16488889,959.6738889,6.183444444,252.4380328
78,4,333.4444444,20.07577778,30.16488889,959.6738889,6.239111111,259.3173397
80,4,333.4444444,20.07577778,30.16488889,959.6738889,6.260777778,262.0283396
20,4,78.875,23.3525,20.63,971.1179375,4.69875,110.7670052
40,4,78.875,23.3525,20.63,971.1179375,4.822375,119.7419524
60,4,78.875,23.3525,20.63,971.1179375,4.924625,127.5213477
78,4,78.875,23.3525,20.63,971.1179375,4.969625,131.0491638
80,4,78.875,23.3525,20.63,971.1179375,5.0035625,133.7523387
20,4,109.3466667,28.39521333,13.57421333,966.90332,5.032773333,136.1085824
40,4,109.3466667,28.39521333,13.57421333,966.90332,5.220653333,151.9280504
60,4,109.3466667,28.39521333,13.57421333,966.90332,5.290733333,158.1288146
78,4,109.3466667,28.39521333,13.57421333,966.90332,5.32204,160.9525274
80,4,109.3466667,28.39521333,13.57421333,966.90332,5.31716,160.510181
20,4,75.5,26.06075,9.77165,968.73755,2.75665,22.36702818
40,4,75.5,26.06075,9.77165,968.73755,2.78125,22.9711894
60,4,75.5,26.06075,9.77165,968.73755,2.79835,23.39750209
78,4,75.5,26.06075,9.77165,968.73755,2.7698,22.68864868
80,4,75.5,26.06075,9.77165,968.73755,2.7805,22.95261098
20,4,323.7142857,24.16414286,20.17657143,968.965,4.872142857,123.4876253
40,4,323.7142857,24.16414286,20.17657143,968.965,5.033857143,136.1965344
60,4,323.7142857,24.16414286,20.17657143,968.965,5.173428571,147.8423201
78,4,323.7142857,24.16414286,20.17657143,968.965,5.250857143,154.5802503
80,4,323.7142857,24.16414286,20.17657143,968.965,5.266428571,155.9595568
20,4,345.5,18.1565,17.7615,968.4265,7.4055,433.6372249
40,4,345.5,18.1565,17.7615,968.4265,7.5555,460.524805
60,4,345.5,18.1565,17.7615,968.4265,7.55,459.5198247
78,4,345.5,18.1565,17.7615,968.4265,7.553,460.0678143
80,4,345.5,18.1565,17.7615,968.4265,7.5875,466.4010397
20,4,97.88461538,22.063,22.96792308,968.2460385,3.262769231,37.08706555
40,4,97.88461538,22.063,22.96792308,968.2460385,3.317,38.96725488
60,4,97.88461538,22.063,22.96792308,968.2460385,3.336230769,39.6489461
78,4,97.88461538,22.063,22.96792308,968.2460385,3.321769231,39.13557972
80,4,97.88461538,22.063,22.96792308,968.2460385,3.323807692,39.20767264
20,4,144.7142857,25.08842857,15.85171429,967.636,8.884,748.6676149
40,4,144.7142857,25.08842857,15.85171429,967.636,9.092,802.4937871
60,4,144.7142857,25.08842857,15.85171429,967.636,9.216428571,835.8943359
78,4,144.7142857,25.08842857,15.85171429,967.636,9.256428571,846.8251743
80,4,144.7142857,25.08842857,15.85171429,967.636,9.166,822.2482472
20,4,190.5833333,27.59016667,24.67186111,964.0398056,5.76375,204.4460873
40,4,190.5833333,27.59016667,24.67186111,964.0398056,5.863222222,215.2149625
60,4,190.5833333,27.59016667,24.67186111,964.0398056,5.931111111,222.7776291
78,4,190.5833333,27.59016667,24.67186111,964.0398056,5.936166667,223.3477878
80,4,190.5833333,27.59016667,24.67186111,964.0398056,5.97025,227.217067
20,4,51.48484848,25.44924242,28.87881818,964.6498788,5.239818182,153.6073689
40,4,51.48484848,25.44924242,28.87881818,964.6498788,5.329939394,161.6702872
60,4,51.48484848,25.44924242,28.87881818,964.6498788,5.361212121,164.5327551
78,4,51.48484848,25.44924242,28.87881818,964.6498788,5.361030303,164.516016
80,4,51.48484848,25.44924242,28.87881818,964.6498788,5.399818182,168.1128103
20,4,122.5405405,28.56185586,18.48321622,967.8499459,4.313252252,85.67970666
40,4,122.5405405,28.56185586,18.48321622,967.8499459,4.691468468,110.2528445
60,4,122.5405405,28.56185586,18.48321622,967.8499459,4.970756757,131.1387175
78,4,122.5405405,28.56185586,18.48321622,967.8499459,5.124927928,143.7231359
80,4,122.5405405,28.56185586,18.48321622,967.8499459,5.035351351,136.3178528
20,4,147.4537037,31.11087037,16.20375,966.3789074,9.335861111,868.8134669
40,4,147.4537037,31.11087037,16.20375,966.3789074,9.697111111,973.6223016
60,4,147.4537037,31.11087037,16.20375,966.3789074,9.935462963,1047.195395
78,4,147.4537037,31.11087037,16.20375,966.3789074,10.05019444,1083.893946
80,4,147.4537037,31.11087037,16.20375,966.3789074,9.805925926,1006.767581
20,4,224.8,24.80146667,31.1198,965.787,4.487533333,96.49092289
40,4,224.8,24.80146667,31.1198,965.787,4.648866667,107.2765181
60,4,224.8,24.80146667,31.1198,965.787,4.977,131.633467
78,4,224.8,24.80146667,31.1198,965.787,5.374466667,165.7560995
80,4,224.8,24.80146667,31.1198,965.787,5.4492,172.7673379
20,4,326,22.063,29.053,966.119,12.895,2289.430357
40,4,326,22.063,29.053,966.119,13.1605,2433.775787
60,4,326,22.063,29.053,966.119,13.3835,2559.602392
78,4,326,22.063,29.053,966.119,13.495,2624.110169
80,4,326,22.063,29.053,966.119,13.554,2658.67861
20,4,329.2727273,27.728,20.26754545,967.7616364,12.3019697,1987.867147
40,4,329.2727273,27.728,20.26754545,967.7616364,12.56948485,2120.390423
60,4,329.2727273,27.728,20.26754545,967.7616364,12.75627273,2216.331837
78,4,329.2727273,27.728,20.26754545,967.7616364,12.88772727,2285.558853
80,4,329.2727273,27.728,20.26754545,967.7616364,12.93393939,2310.233422
20,4,319.4444444,24.41616667,23.77666667,968.6866111,7.554888889,460.4130683
40,4,319.4444444,24.41616667,23.77666667,968.6866111,7.955222222,537.5518304
60,4,319.4444444,24.41616667,23.77666667,968.6866111,8.333277778,617.8897254
78,4,319.4444444,24.41616667,23.77666667,968.6866111,8.65,691.0535782
80,4,319.4444444,24.41616667,23.77666667,968.6866111,8.686055556,699.7311468
20,4,324,23.772,13.0615,965.643,8.1905,586.6710279
40,4,324,23.772,13.0615,965.643,8.4935,654.2194792
60,4,324,23.772,13.0615,965.643,8.6975,702.5006168
78,4,324,23.772,13.0615,965.643,8.8335,735.972925
80,4,324,23.772,13.0615,965.643,8.8585,742.2393352
20,5,133.8275862,29.93658621,13.29737931,967.1268966,4.000758621,68.37391485
40,5,133.8275862,29.93658621,13.29737931,967.1268966,4.09562069,73.35379418
60,5,133.8275862,29.93658621,13.29737931,967.1268966,4.11862069,74.59655786
78,5,133.8275862,29.93658621,13.29737931,967.1268966,4.126068966,75.00200025
80,5,133.8275862,29.93658621,13.29737931,967.1268966,4.128689655,75.14500453
20,5,318.4375,22.2766875,33.1345,967.8335313,9.96246875,1055.757837
40,5,318.4375,22.2766875,33.1345,967.8335313,10.4331875,1212.591263
60,5,318.4375,22.2766875,33.1345,967.8335313,10.9020625,1383.53261
78,5,318.4375,22.2766875,33.1345,967.8335313,11.2660625,1526.791967
80,5,318.4375,22.2766875,33.1345,967.8335313,11.3278125,1552.035152
20,5,77.10810811,31.51014865,14.10401351,968.3371892,4.159405405,76.83465636
40,5,77.10810811,31.51014865,14.10401351,968.3371892,4.217675676,80.10930069
60,5,77.10810811,31.51014865,14.10401351,968.3371892,4.240081081,81.39277997
78,5,77.10810811,31.51014865,14.10401351,968.3371892,4.237297297,81.2325723
80,5,77.10810811,31.51014865,14.10401351,968.3371892,4.239891892,81.38188541
20,5,136.047619,31.05266667,14.01485714,967.9744762,9.006428571,780.0478152
40,5,136.047619,31.05266667,14.01485714,967.9744762,9.196047619,830.3611698
60,5,136.047619,31.05266667,14.01485714,967.9744762,9.372666667,879.1296211
78,5,136.047619,31.05266667,14.01485714,967.9744762,9.458428571,903.4837859
80,5,136.047619,31.05266667,14.01485714,967.9744762,9.14347619,816.2015452
20,5,77.2,21.526,16.6626,964.9326,3.4646,44.40406204
40,5,77.2,21.526,16.6626,964.9326,3.4997,45.76735878
60,5,77.2,21.526,16.6626,964.9326,3.4991,45.7438233
78,5,77.2,21.526,16.6626,964.9326,3.4782,44.92903077
80,5,77.2,21.526,16.6626,964.9326,3.489,45.34885289
20,5,295.3157895,28.29173684,23.62373684,964.8625263,3.964947368,66.55423226
40,5,295.3157895,28.29173684,23.62373684,964.8625263,4.09,73.05220374
60,5,295,29.38038889,23.74938889,964.8862778,4.266166667,82.90426089
78,5,295,29.38038889,23.74938889,964.8862778,4.334111111,86.92876713
80,5,295,29.38038889,23.74938889,964.8862778,4.326555556,86.47493648
20,5,28,10.649,25.146,967.95,2.44,15.51075281
40,5,28,10.649,25.146,967.95,2.34,13.68078349
60,5,28,10.649,25.146,967.95,2.258,12.29235829
78,5,28,10.649,25.146,967.95,2.092,9.775712896
80,5,28,10.649,25.146,967.95,2.078,9.58076146
20,5,322.5,23.772,12.146,968.829,9.2955,857.5938605
40,5,322.5,23.772,12.146,968.829,9.468,906.2293956
60,5,322.5,23.772,12.146,968.829,9.639,956.2233366
78,5,322.5,23.772,12.146,968.829,9.6545,960.8437251
80,5,322.5,23.772,12.146,968.829,9.678,967.8771811
20,5,340.5,25.145,12.78675,965.6615,6.782,333.0709486
40,5,340.5,25.145,12.78675,965.6615,6.9455,357.7453064
60,5,340.5,25.145,12.78675,965.6615,7.034,371.5955372
78,5,340.5,25.145,12.78675,965.6615,7.04525,373.3813516
80,5,340.5,25.145,12.78675,965.6615,7.065,376.5302704
20,5,326,10.039,24.902,967.804,14.775,3443.862998
40,5,326,10.039,24.902,967.804,15.038,3631.061788
60,5,326,10.039,24.902,967.804,15.242,3780.848449
78,5,326,10.039,24.902,967.804,15.529,3998.470236
80,5,326,10.039,24.902,967.804,15.594,4048.890086
20,5,321.7826087,28.24347826,22.39204348,968.9215217,15.05052174,3640.139806
40,5,321.7826087,28.24347826,22.39204348,968.9215217,15.38547826,3888.628013
60,5,321.7826087,28.24347826,22.39204348,968.9215217,15.65391304,4095.737822
78,5,321.7826087,28.24347826,22.39204348,968.9215217,15.74765217,4169.757888
80,5,321.7826087,28.24347826,22.39204348,968.9215217,15.77773913,4193.703394
20,5,300.3,30.15485556,21.85071111,967.4033556,7.1617,392.203777
40,5,300.3,30.15485556,21.85071111,967.4033556,7.280555556,412.0566792
60,5,300.3,30.15485556,21.85071111,967.4033556,7.363511111,426.302851
78,5,300.3,30.15485556,21.85071111,967.4033556,7.420788889,436.3285469
80,5,300.3,30.15485556,21.85071111,967.4033556,7.422044444,436.5500573
20,5,227.3119266,32.45510092,19.89856881,964.0221193,7.419073394,436.0260132
40,5,227.3119266,32.45510092,19.89856881,964.0221193,7.699990826,487.4544291
60,5,227.3119266,32.45510092,19.89856881,964.0221193,7.893669725,525.1704139
78,5,227.3119266,32.45510092,19.89856881,964.0221193,7.981220183,542.8392904
80,5,227.3119266,32.45510092,19.89856881,964.0221193,7.968146789,540.1761134
20,5,243.0869565,26.79443478,24.80156522,963.937913,6.685869565,319.1075625
40,5,243.0869565,26.79443478,24.80156522,963.937913,6.848086957,342.9029305
60,5,243.0869565,26.79443478,24.80156522,963.937913,6.949565217,358.3738417
78,5,243.0869565,26.79443478,24.80156522,963.937913,7.007347826,367.3875403
80,5,243.0869565,26.79443478,24.80156522,963.937913,7.048956522,373.970972
